,Model-FileName,TAKE_PROFIT,STOP_LOSS,MAX_HOLDING_TIME,FinalValue,Profit,ROI,Nbr_wins,best_win,worst_loss
0,/UltimeTradingBot/Data/IS_HIGH/tp310_w40_max40min_Model_true_win_model_Re1.h5,1.7,15,180,618.8849967553319,68.88499675533194,12.524544864605808,0,642.0533566809714,567.4098320323594
1,/UltimeTradingBot/Data/IS_HIGH/tp310_w40_max40min_Model_true_win_model_Re1.h5,2.7,15,180,605.3715403052288,55.37154030522879,10.067552782768873,0,650.8907167589049,597.0534217376444
2,/UltimeTradingBot/Data/IS_HIGH/tp310_w40_max40min_Model_true_win_model_Re1.h5,1.7,15,1440,534.0373946579452,-15.962605342054758,-2.902291880373592,0,577.1900511710037,533.4994908415398
3,/UltimeTradingBot/Data/IS_HIGH/tp310_w40_max40min_Model_true_win_model_Re1.h5,2.7,15,1440,584.9535126680732,34.953512668073245,6.355184121467862,0,608.0076797414338,559.3784522281273
4,/UltimeTradingBot/Data/IS_HIGH/tp310_w40_max40min_Model_true_win_model_Re1.h5,1.7,1,180,526.6585194943876,-23.341480505612367,-4.243905546474975,0,619.4080760592708,510.8511509126274
5,/UltimeTradingBot/Data/IS_HIGH/tp310_w40_max40min_Model_true_win_model_Re1.h5,2.7,1,180,529.5165793670345,-20.48342063296548,-3.7242582969028137,0,595.6212410369359,530.909876264753
6,/UltimeTradingBot/Data/IS_HIGH/tp310_w40_max40min_Model_true_win_model_Re1.h5,1.7,1,1440,526.6585194943876,-23.341480505612367,-4.243905546474975,0,619.4080760592708,510.8511509126274
7,/UltimeTradingBot/Data/IS_HIGH/tp310_w40_max40min_Model_true_win_model_Re1.h5,2.7,1,1440,529.5164497598297,-20.483550240170302,-3.724281861849146,0,595.623013646894,530.9116488747112
8,/UltimeTradingBot/Data/IS_CLOSE/TP270.0_MHT40min_Model_Re1.h5,1.7,15,180,524.8121255906967,-25.18787440930328,-4.579613528964232,0,646.1851131810532,563.8059787893441
9,/UltimeTradingBot/Data/IS_CLOSE/TP270.0_MHT40min_Model_Re1.h5,2.7,15,180,640.7471025428902,90.74710254289016,16.499473189616392,0,649.426029759257,569.3381635346475
10,/UltimeTradingBot/Data/IS_CLOSE/TP270.0_MHT40min_Model_Re1.h5,1.7,15,1440,520.8584312526256,-29.14156874737444,-5.29846704497717,0,562.8260105501449,527.7481352850235
11,/UltimeTradingBot/Data/IS_CLOSE/TP270.0_MHT40min_Model_Re1.h5,2.7,15,1440,519.9859764921005,-30.014023507899537,-5.457095183254461,0,562.960311688174,516.386937064754
12,/UltimeTradingBot/Data/IS_CLOSE/TP270.0_MHT40min_Model_Re1.h5,1.7,1,180,411.0135811222793,-138.98641887772067,-25.2702579777674,0,563.156713838566,443.7072296394354
13,/UltimeTradingBot/Data/IS_CLOSE/TP270.0_MHT40min_Model_Re1.h5,2.7,1,180,477.57118815235856,-72.42881184764144,-13.168874881389351,0,555.9073263844039,504.2199608173965
14,/UltimeTradingBot/Data/IS_CLOSE/TP270.0_MHT40min_Model_Re1.h5,1.7,1,1440,407.1311541259921,-142.8688458740079,-25.97615379527416,0,562.1458058529101,466.7358164052812
15,/UltimeTradingBot/Data/IS_CLOSE/TP270.0_MHT40min_Model_Re1.h5,2.7,1,1440,471.247673678169,-78.75232632183099,-14.318604785787452,0,557.781876114213,506.2736037921124
16,/UltimeTradingBot/Data/IS_CLOSE/tp133_w33_max33min_ModelModel_Re1.h5,1.7,15,180,571.3890152219658,21.389015221965792,3.8889118585392346,0,632.6313787465841,565.664608557795
17,/UltimeTradingBot/Data/IS_CLOSE/tp133_w33_max33min_ModelModel_Re1.h5,2.7,15,180,597.9916886671232,47.99168866712319,8.725761575840579,0,656.5347937235491,601.7536472439011
18,/UltimeTradingBot/Data/IS_CLOSE/tp133_w33_max33min_ModelModel_Re1.h5,1.7,15,1440,610.5280333315893,60.52803333158931,11.005096969379876,0,638.290602294088,565.664608557795
19,/UltimeTradingBot/Data/IS_CLOSE/tp133_w33_max33min_ModelModel_Re1.h5,2.7,15,1440,595.5325162625755,45.53251626257554,8.27863932046828,0,662.193299001371,598.180849024186
20,/UltimeTradingBot/Data/IS_CLOSE/tp133_w33_max33min_ModelModel_Re1.h5,1.7,1,180,579.4074017642404,29.407401764240376,5.346800320770977,0,632.4361533658451,564.9810642506967
21,/UltimeTradingBot/Data/IS_CLOSE/tp133_w33_max33min_ModelModel_Re1.h5,2.7,1,180,615.8712649140443,65.87126491404433,11.976593620735333,0,641.2938566560204,592.3367753476363
22,/UltimeTradingBot/Data/IS_CLOSE/tp133_w33_max33min_ModelModel_Re1.h5,1.7,1,1440,579.4074017642404,29.407401764240376,5.346800320770977,0,632.4361533658451,564.9810642506967
23,/UltimeTradingBot/Data/IS_CLOSE/tp133_w33_max33min_ModelModel_Re1.h5,2.7,1,1440,615.2961235387988,65.29612353879884,11.872022461599787,0,640.7187152807749,592.3367753476363
24,/UltimeTradingBot/Data/IS_CLOSE/tp130_w25_max25min_Model_true_win_model_Re1.h5,1.7,15,180,512.904058540269,-37.095941459730966,-6.744716629041994,0,548.4444438914027,512.904058540269
25,/UltimeTradingBot/Data/IS_CLOSE/tp130_w25_max25min_Model_true_win_model_Re1.h5,2.7,15,180,524.9286659686825,-25.07133403131752,-4.558424369330458,0,561.8247074284134,524.9286659686825
26,/UltimeTradingBot/Data/IS_CLOSE/tp130_w25_max25min_Model_true_win_model_Re1.h5,1.7,15,1440,512.904058540269,-37.095941459730966,-6.744716629041994,0,548.4444438914027,512.904058540269
27,/UltimeTradingBot/Data/IS_CLOSE/tp130_w25_max25min_Model_true_win_model_Re1.h5,2.7,15,1440,524.9286659686825,-25.07133403131752,-4.558424369330458,0,561.8247074284134,524.9286659686825
28,/UltimeTradingBot/Data/IS_CLOSE/tp130_w25_max25min_Model_true_win_model_Re1.h5,1.7,1,180,550.9525624717268,0.9525624717267648,0.1731931766775936,0,550.9525624717268,520.955412635147
29,/UltimeTradingBot/Data/IS_CLOSE/tp130_w25_max25min_Model_true_win_model_Re1.h5,2.7,1,180,572.837392813224,22.837392813224028,4.1522532387680045,0,570.4334840863861,532.9800200635605
30,/UltimeTradingBot/Data/IS_CLOSE/tp130_w25_max25min_Model_true_win_model_Re1.h5,1.7,1,1440,550.9525624717268,0.9525624717267648,0.1731931766775936,0,550.9525624717268,520.955412635147
31,/UltimeTradingBot/Data/IS_CLOSE/tp130_w25_max25min_Model_true_win_model_Re1.h5,2.7,1,1440,572.837392813224,22.837392813224028,4.1522532387680045,0,570.4334840863861,532.9800200635605
32,/UltimeTradingBot/Data/IS_CLOSE/tp130_w25_max25min_ModelModel_Re1.h5,1.7,15,180,608.488138504683,58.48813850468298,10.63420700085145,0,638.0268860686689,612.586726983174
33,/UltimeTradingBot/Data/IS_CLOSE/tp130_w25_max25min_ModelModel_Re1.h5,2.7,15,180,577.5618904069503,27.561890406950283,5.011252801263688,0,616.7101250008104,563.831390558083
34,/UltimeTradingBot/Data/IS_CLOSE/tp130_w25_max25min_ModelModel_Re1.h5,1.7,15,1440,564.1812232416427,14.18122324164267,2.578404225753213,0,598.9214267676754,564.1578826632166
35,/UltimeTradingBot/Data/IS_CLOSE/tp130_w25_max25min_ModelModel_Re1.h5,2.7,15,1440,570.4436381280483,20.44363812804829,3.717025114190599,0,620.8958756399194,565.84283579937
36,/UltimeTradingBot/Data/IS_CLOSE/tp130_w25_max25min_ModelModel_Re1.h5,1.7,1,180,384.1013633980816,-165.89863660191838,-30.16338847307607,0,560.2715903888613,423.3476433243026
37,/UltimeTradingBot/Data/IS_CLOSE/tp130_w25_max25min_ModelModel_Re1.h5,2.7,1,180,414.5612009670165,-135.43879903298352,-24.625236187815187,0,559.891746884078,416.94908658578896
38,/UltimeTradingBot/Data/IS_CLOSE/tp130_w25_max25min_ModelModel_Re1.h5,1.7,1,1440,365.6005095058799,-184.39949049412007,-33.527180089840016,0,555.3296680120012,407.712731647019
39,/UltimeTradingBot/Data/IS_CLOSE/tp130_w25_max25min_ModelModel_Re1.h5,2.7,1,1440,414.166680433012,-135.83331956698805,-24.696967193997825,0,560.5660304248981,415.5400851189504
40,/UltimeTradingBot/Data/IS_CLOSE/tp299_w99_max99min_ModelModel_Re1.h5,1.7,15,180,505.1179985267031,-44.882001473296896,-8.1603639042358,0,556.304291638796,513.1151123159962
41,/UltimeTradingBot/Data/IS_CLOSE/tp299_w99_max99min_ModelModel_Re1.h5,2.7,15,180,505.1155075818213,-44.88449241817875,-8.160816803305227,0,556.304291638796,513.1151123159962
42,/UltimeTradingBot/Data/IS_CLOSE/tp299_w99_max99min_ModelModel_Re1.h5,1.7,15,1440,505.1179985267031,-44.882001473296896,-8.1603639042358,0,556.304291638796,513.1151123159962
43,/UltimeTradingBot/Data/IS_CLOSE/tp299_w99_max99min_ModelModel_Re1.h5,2.7,15,1440,505.1155075818213,-44.88449241817875,-8.160816803305227,0,556.304291638796,513.1151123159962
44,/UltimeTradingBot/Data/IS_CLOSE/tp299_w99_max99min_ModelModel_Re1.h5,1.7,1,180,542.8252202842542,-7.174779715745785,-1.30450540286287,0,562.2898849837457,533.890534952251
45,/UltimeTradingBot/Data/IS_CLOSE/tp299_w99_max99min_ModelModel_Re1.h5,2.7,1,180,531.2509263508904,-18.74907364910962,-3.4089224816562944,0,562.6825485338363,533.890534952251
46,/UltimeTradingBot/Data/IS_CLOSE/tp299_w99_max99min_ModelModel_Re1.h5,1.7,1,1440,542.8252202842542,-7.174779715745785,-1.30450540286287,0,562.2898849837457,533.890534952251
47,/UltimeTradingBot/Data/IS_CLOSE/tp299_w99_max99min_ModelModel_Re1.h5,2.7,1,1440,531.2509263508904,-18.74907364910962,-3.4089224816562944,0,562.6825485338363,533.890534952251
48,/UltimeTradingBot/Data/IS_CLOSE/tp310_w40_max40min_Model_true_win_model_Re13.h5,1.7,15,180,552.0234583912345,2.0234583912344988,0.3679015256789997,0,631.1837349366195,574.1994552485946
49,/UltimeTradingBot/Data/IS_CLOSE/tp310_w40_max40min_Model_true_win_model_Re13.h5,2.7,15,180,526.1600885501562,-23.83991144984384,-4.334529354517062,0,620.5638396146325,565.7825915244532
50,/UltimeTradingBot/Data/IS_CLOSE/tp310_w40_max40min_Model_true_win_model_Re13.h5,1.7,15,1440,544.1121927735152,-5.887807226484824,-1.0705104048154226,0,553.0850218295905,538.406138302353
51,/UltimeTradingBot/Data/IS_CLOSE/tp310_w40_max40min_Model_true_win_model_Re13.h5,2.7,15,1440,504.6693553893141,-45.33064461068591,-8.241935383761074,0,560.2370186657954,512.3205303240399
52,/UltimeTradingBot/Data/IS_CLOSE/tp310_w40_max40min_Model_true_win_model_Re13.h5,1.7,1,180,390.2286956345636,-159.77130436543638,-29.04932806644297,0,563.5094452421771,421.3691907797437
53,/UltimeTradingBot/Data/IS_CLOSE/tp310_w40_max40min_Model_true_win_model_Re13.h5,2.7,1,180,448.6411286675432,-101.35887133245684,-18.428885696810333,0,558.064230537444,474.5396126169633
54,/UltimeTradingBot/Data/IS_CLOSE/tp310_w40_max40min_Model_true_win_model_Re13.h5,1.7,1,1440,379.6177371867968,-170.38226281320323,-30.978593238764223,0,552.8984867944101,410.7582323319768
55,/UltimeTradingBot/Data/IS_CLOSE/tp310_w40_max40min_Model_true_win_model_Re13.h5,2.7,1,1440,462.91045440487005,-87.08954559512995,-15.834462835478172,0,556.9408560965012,495.3943571896045
56,/UltimeTradingBot/Data/IS_CLOSE/tp310_w40_max40min_Model_true_win_model_Re10.h5,1.7,15,180,590.2892250188263,40.2892250188263,7.3253136397866,0,598.225591030104,553.0952504257718
57,/UltimeTradingBot/Data/IS_CLOSE/tp310_w40_max40min_Model_true_win_model_Re10.h5,2.7,15,180,610.9169332161866,60.91693321618664,11.07580603930666,0,618.2321787098759,553.0952504257718
58,/UltimeTradingBot/Data/IS_CLOSE/tp310_w40_max40min_Model_true_win_model_Re10.h5,1.7,15,1440,555.0805399999224,5.080539999922394,0.9237345454404352,0,590.978577531518,553.0952504257718
59,/UltimeTradingBot/Data/IS_CLOSE/tp310_w40_max40min_Model_true_win_model_Re10.h5,2.7,15,1440,601.9274564173952,51.927456417395206,9.441355712253674,0,613.3066560700507,553.0952504257718
60,/UltimeTradingBot/Data/IS_CLOSE/tp310_w40_max40min_Model_true_win_model_Re10.h5,1.7,1,180,607.6707468709881,57.67074687098807,10.485590340179648,0,614.9212294903477,588.0896087638746
61,/UltimeTradingBot/Data/IS_CLOSE/tp310_w40_max40min_Model_true_win_model_Re10.h5,2.7,1,180,613.0111598926511,63.01115989265111,11.456574525936563,0,614.0469338742331,585.9054363391306
62,/UltimeTradingBot/Data/IS_CLOSE/tp310_w40_max40min_Model_true_win_model_Re10.h5,1.7,1,1440,607.6707468709881,57.67074687098807,10.485590340179648,0,614.9212294903477,588.0896087638746
63,/UltimeTradingBot/Data/IS_CLOSE/tp310_w40_max40min_Model_true_win_model_Re10.h5,2.7,1,1440,613.0111598926511,63.01115989265111,11.456574525936563,0,614.0469338742331,585.9054363391306
64,/UltimeTradingBot/Data/IS_HIGH/tp330_w33_max33min_ModelModel_Re1.h5,1.7,15,180,588.9226826758672,38.92268267586724,7.076851395612224,0,628.7998881583435,562.7977177152371
65,/UltimeTradingBot/Data/IS_HIGH/tp330_w33_max33min_ModelModel_Re1.h5,2.7,15,180,634.0726000612901,84.07260006129013,15.285927283870937,0,641.0233285364069,566.5247601439413
66,/UltimeTradingBot/Data/IS_HIGH/tp330_w33_max33min_ModelModel_Re1.h5,1.7,15,1440,550.1459040865717,0.1459040865717042,0.0265280157403098,0,633.6927179552971,545.5989233612439
67,/UltimeTradingBot/Data/IS_HIGH/tp330_w33_max33min_ModelModel_Re1.h5,2.7,15,1440,600.3640417099998,50.36404170999981,9.157098492727238,0,643.2921986183684,572.625371903266
68,/UltimeTradingBot/Data/IS_HIGH/tp330_w33_max33min_ModelModel_Re1.h5,1.7,1,180,599.8283178178175,49.82831781781749,9.059694148694089,0,611.2716540464141,543.6871896217765
69,/UltimeTradingBot/Data/IS_HIGH/tp330_w33_max33min_ModelModel_Re1.h5,2.7,1,180,621.245420037399,71.24542003739896,12.953712734072536,0,627.1979054619198,555.9063991298381
70,/UltimeTradingBot/Data/IS_HIGH/tp330_w33_max33min_ModelModel_Re1.h5,1.7,1,1440,599.8283178178175,49.82831781781749,9.059694148694089,0,611.2716540464141,543.6871896217765
71,/UltimeTradingBot/Data/IS_HIGH/tp330_w33_max33min_ModelModel_Re1.h5,2.7,1,1440,621.245420037399,71.24542003739896,12.953712734072536,0,627.1979054619198,555.9063991298381
72,/UltimeTradingBot/Data/IS_CLOSE/tp270_w60_max60min_Model_true_win_model_Re1.h5,1.7,15,180,557.3483587393096,7.34835873930956,1.336065225329011,0,635.4897311441825,578.3092764247317
73,/UltimeTradingBot/Data/IS_CLOSE/tp270_w60_max60min_Model_true_win_model_Re1.h5,2.7,15,180,603.9136782976339,53.91367829763385,9.802486963206157,0,664.6372314895337,609.8559833993545
74,/UltimeTradingBot/Data/IS_CLOSE/tp270_w60_max60min_Model_true_win_model_Re1.h5,1.7,15,1440,525.961948340506,-24.038051659494045,-4.370554847180736,0,579.1390425345261,533.8430352013216
75,/UltimeTradingBot/Data/IS_CLOSE/tp270_w60_max60min_Model_true_win_model_Re1.h5,2.7,15,1440,532.3787005717726,-17.621299428227417,-3.203872623314076,0,579.1411886972558,547.6357359252298
76,/UltimeTradingBot/Data/IS_CLOSE/tp270_w60_max60min_Model_true_win_model_Re1.h5,1.7,1,180,452.9394566476049,-97.06054335239509,-17.647371518617287,0,588.1799019537502,466.78488698093855
77,/UltimeTradingBot/Data/IS_CLOSE/tp270_w60_max60min_Model_true_win_model_Re1.h5,2.7,1,180,546.9550232365838,-3.04497676341623,-0.5536321388029509,0,616.8725710491499,544.8550006535739
78,/UltimeTradingBot/Data/IS_CLOSE/tp270_w60_max60min_Model_true_win_model_Re1.h5,1.7,1,1440,452.94057412703074,-97.05942587296926,-17.647168340539864,0,588.1810194331761,466.7860044603644
79,/UltimeTradingBot/Data/IS_CLOSE/tp270_w60_max60min_Model_true_win_model_Re1.h5,2.7,1,1440,548.503681773699,-1.496318226301014,-0.2720578593274571,0,618.4212295862651,546.4036591906892
80,/UltimeTradingBot/Data/IS_CLOSE/tp310_w40_max40min_Model_true_win_model_Re1.h5,1.7,15,180,575.853432884954,25.85343288495403,4.700624160900733,0,596.3510785341957,567.6161775714272
81,/UltimeTradingBot/Data/IS_CLOSE/tp310_w40_max40min_Model_true_win_model_Re1.h5,2.7,15,180,566.6416776126686,16.64167761266856,3.025759565939738,0,598.3889457094235,562.2529033839595
82,/UltimeTradingBot/Data/IS_CLOSE/tp310_w40_max40min_Model_true_win_model_Re1.h5,1.7,15,1440,545.179723362724,-4.820276637276038,-0.8764139340501887,0,572.5372365347984,549.2414729518348
83,/UltimeTradingBot/Data/IS_CLOSE/tp310_w40_max40min_Model_true_win_model_Re1.h5,2.7,15,1440,571.7140034614692,21.714003461469247,3.948000629358045,0,579.9527127774442,566.5212371904461
84,/UltimeTradingBot/Data/IS_CLOSE/tp310_w40_max40min_Model_true_win_model_Re1.h5,1.7,1,180,423.28449972015136,-126.71550027984864,-23.039181869063388,0,592.8201684125362,463.2689860238953
85,/UltimeTradingBot/Data/IS_CLOSE/tp310_w40_max40min_Model_true_win_model_Re1.h5,2.7,1,180,504.8910572349736,-45.10894276502637,-8.201625957277523,0,608.7105981056278,535.4718642266042
86,/UltimeTradingBot/Data/IS_CLOSE/tp310_w40_max40min_Model_true_win_model_Re1.h5,1.7,1,1440,433.486868132934,-116.51313186706597,-21.184205794011994,0,592.8201684125362,473.471354436678
87,/UltimeTradingBot/Data/IS_CLOSE/tp310_w40_max40min_Model_true_win_model_Re1.h5,2.7,1,1440,511.2169127265733,-38.7830872734267,-7.05147041335031,0,608.5691122244001,548.1284486612508
88,/UltimeTradingBot/Data/IS_CLOSE/tp215_w40_max40min_Model_true_win_model_Re1.h5,1.7,15,180,542.5524464062355,-7.447553593764496,-1.3541006534117266,0,613.6394711247011,556.6551914366762
89,/UltimeTradingBot/Data/IS_CLOSE/tp215_w40_max40min_Model_true_win_model_Re1.h5,2.7,15,180,558.9716421534961,8.971642153496077,1.631207664272014,0,629.3298416048393,574.5485935146601
90,/UltimeTradingBot/Data/IS_CLOSE/tp215_w40_max40min_Model_true_win_model_Re1.h5,1.7,15,1440,532.0424186870334,-17.957581312966568,-3.26501478417574,0,552.5151172259017,531.398922931353
91,/UltimeTradingBot/Data/IS_CLOSE/tp215_w40_max40min_Model_true_win_model_Re1.h5,2.7,15,1440,537.6126179492046,-12.387382050795395,-2.252251281962799,0,552.5151172259017,541.1017185515476
92,/UltimeTradingBot/Data/IS_CLOSE/tp215_w40_max40min_Model_true_win_model_Re1.h5,1.7,1,180,468.5831607750697,-81.4168392249303,-14.803061677260054,0,584.6122421377006,498.3139363806724
93,/UltimeTradingBot/Data/IS_CLOSE/tp215_w40_max40min_Model_true_win_model_Re1.h5,2.7,1,180,500.1049329065021,-49.89506709349792,-9.071830380635983,0,566.1531786740372,525.1104483386974
94,/UltimeTradingBot/Data/IS_CLOSE/tp215_w40_max40min_Model_true_win_model_Re1.h5,1.7,1,1440,468.58427825449553,-81.41572174550447,-14.80285849918263,0,584.6133596171264,498.3150538600983
95,/UltimeTradingBot/Data/IS_CLOSE/tp215_w40_max40min_Model_true_win_model_Re1.h5,2.7,1,1440,459.9988396895458,-90.00116031045422,-16.363847329173495,0,549.3129916254986,484.2673221428442
96,/UltimeTradingBot/Data/IS_CLOSE/tp310_w40_max40min_Model_true_win_model_Re17.h5,1.7,15,180,589.839538514493,39.83953851449303,7.2435524571805505,0,614.4665272175532,568.98220703414
97,/UltimeTradingBot/Data/IS_CLOSE/tp310_w40_max40min_Model_true_win_model_Re17.h5,2.7,15,180,585.1201711991051,35.12017119910513,6.385485672564569,0,626.4296565637009,569.1258026005817
98,/UltimeTradingBot/Data/IS_CLOSE/tp310_w40_max40min_Model_true_win_model_Re17.h5,1.7,15,1440,537.411991781504,-12.588008218496045,-2.288728766999281,0,551.7155644704023,535.3377448979484
99,/UltimeTradingBot/Data/IS_CLOSE/tp310_w40_max40min_Model_true_win_model_Re17.h5,2.7,15,1440,513.1199003483107,-36.88009965168931,-6.705472663943509,0,551.7155644704023,523.7727959731252
100,/UltimeTradingBot/Data/IS_CLOSE/tp310_w40_max40min_Model_true_win_model_Re17.h5,1.7,1,180,405.807476749962,-144.192523250038,-26.216822409097816,0,574.9369651190835,445.2558909904964
101,/UltimeTradingBot/Data/IS_CLOSE/tp310_w40_max40min_Model_true_win_model_Re17.h5,2.7,1,180,438.04585787365215,-111.95414212634785,-20.35529856842688,0,556.8287257207064,451.34599637968313
102,/UltimeTradingBot/Data/IS_CLOSE/tp310_w40_max40min_Model_true_win_model_Re17.h5,1.7,1,1440,405.8081529199919,-144.19184708000807,-26.216699469092376,0,574.9380825985091,445.2565671605264
103,/UltimeTradingBot/Data/IS_CLOSE/tp310_w40_max40min_Model_true_win_model_Re17.h5,2.7,1,1440,445.7619879671279,-104.23801203287212,-18.95236582415857,0,556.829843200132,459.06212647315886
104,/UltimeTradingBot/Data/IS_CLOSE/tp240_w240_max240min_Model_true_win_model_Re1.h5,1.7,15,180,550.0,0.0,0.0,0,550.0,550.0
105,/UltimeTradingBot/Data/IS_CLOSE/tp240_w240_max240min_Model_true_win_model_Re1.h5,2.7,15,180,550.0,0.0,0.0,0,550.0,550.0
106,/UltimeTradingBot/Data/IS_CLOSE/tp240_w240_max240min_Model_true_win_model_Re1.h5,1.7,15,1440,550.0,0.0,0.0,0,550.0,550.0
107,/UltimeTradingBot/Data/IS_CLOSE/tp240_w240_max240min_Model_true_win_model_Re1.h5,2.7,15,1440,550.0,0.0,0.0,0,550.0,550.0
108,/UltimeTradingBot/Data/IS_CLOSE/tp240_w240_max240min_Model_true_win_model_Re1.h5,1.7,1,180,550.0,0.0,0.0,0,550.0,550.0
109,/UltimeTradingBot/Data/IS_CLOSE/tp240_w240_max240min_Model_true_win_model_Re1.h5,2.7,1,180,550.0,0.0,0.0,0,550.0,550.0
110,/UltimeTradingBot/Data/IS_CLOSE/tp240_w240_max240min_Model_true_win_model_Re1.h5,1.7,1,1440,550.0,0.0,0.0,0,550.0,550.0
111,/UltimeTradingBot/Data/IS_CLOSE/tp240_w240_max240min_Model_true_win_model_Re1.h5,2.7,1,1440,550.0,0.0,0.0,0,550.0,550.0
112,/UltimeTradingBot/Data/IS_CLOSE/tp310_w40_max40min_Model_true_win_model_Re15.h5,1.7,15,180,504.3224639640218,-45.67753603597822,-8.30500655199604,0,579.4408162153687,518.8620095666068
113,/UltimeTradingBot/Data/IS_CLOSE/tp310_w40_max40min_Model_true_win_model_Re15.h5,2.7,15,180,498.5312399940767,-51.468760005923286,-9.357956364713326,0,581.5713810149913,518.552501170715
114,/UltimeTradingBot/Data/IS_CLOSE/tp310_w40_max40min_Model_true_win_model_Re15.h5,1.7,15,1440,498.4660441476567,-51.53395585234336,-9.369810154971518,0,579.4408162153687,518.8620095666068
115,/UltimeTradingBot/Data/IS_CLOSE/tp310_w40_max40min_Model_true_win_model_Re15.h5,2.7,15,1440,506.83192556092393,-43.16807443907607,-7.848740807104739,0,581.5713810149913,520.7494678096607
116,/UltimeTradingBot/Data/IS_CLOSE/tp310_w40_max40min_Model_true_win_model_Re15.h5,1.7,1,180,548.7427920492113,-1.257207950788711,-0.2285832637797656,0,595.0660281927782,548.5940549349176
117,/UltimeTradingBot/Data/IS_CLOSE/tp310_w40_max40min_Model_true_win_model_Re15.h5,2.7,1,180,555.3604479026692,5.360447902669193,0.9746268913943988,0,597.0243000530936,555.2564795014767
118,/UltimeTradingBot/Data/IS_CLOSE/tp310_w40_max40min_Model_true_win_model_Re15.h5,1.7,1,1440,548.7427920492113,-1.257207950788711,-0.2285832637797656,0,595.0660281927782,548.5940549349176
119,/UltimeTradingBot/Data/IS_CLOSE/tp310_w40_max40min_Model_true_win_model_Re15.h5,2.7,1,1440,555.3604479026692,5.360447902669193,0.9746268913943988,0,597.0243000530936,555.2564795014767
120,/UltimeTradingBot/Data/IS_MIN/tp200_w33_max33min_Model_true_win_model_Re1.h5,1.7,15,180,576.0001817725669,26.00018177256686,4.727305776830339,0,576.0001817725669,545.6632452605736
121,/UltimeTradingBot/Data/IS_MIN/tp200_w33_max33min_Model_true_win_model_Re1.h5,2.7,15,180,588.6842319937965,38.68423199379652,7.033496726144821,0,588.6842319937965,554.6527389023748
122,/UltimeTradingBot/Data/IS_MIN/tp200_w33_max33min_Model_true_win_model_Re1.h5,1.7,15,1440,571.6488849802903,21.64888498029029,3.9361609055073257,0,571.6488849802903,545.6632452605736
123,/UltimeTradingBot/Data/IS_MIN/tp200_w33_max33min_Model_true_win_model_Re1.h5,2.7,15,1440,582.6388995655979,32.63889956559785,5.934345375563247,0,582.6388995655979,554.6527389023748
124,/UltimeTradingBot/Data/IS_MIN/tp200_w33_max33min_Model_true_win_model_Re1.h5,1.7,1,180,543.4590811174128,-6.540918882587221,-1.189257978652222,0,555.4725505103333,543.4590811174128
125,/UltimeTradingBot/Data/IS_MIN/tp200_w33_max33min_Model_true_win_model_Re1.h5,2.7,1,180,544.8666560189188,-5.133343981081225,-0.9333352692874954,0,561.172370086013,544.8666560189188
126,/UltimeTradingBot/Data/IS_MIN/tp200_w33_max33min_Model_true_win_model_Re1.h5,1.7,1,1440,543.4590811174128,-6.540918882587221,-1.189257978652222,0,555.4725505103333,543.4590811174128
127,/UltimeTradingBot/Data/IS_MIN/tp200_w33_max33min_Model_true_win_model_Re1.h5,2.7,1,1440,544.8666560189188,-5.133343981081225,-0.9333352692874954,0,561.172370086013,544.8666560189188
128,/UltimeTradingBot/Data/IS_CLOSE/tp310_w40_max40min_Model_true_win_model_Re14.h5,1.7,15,180,537.0591105772048,-12.94088942279518,-2.3528889859627604,0,550.9399975805746,537.3545126641794
129,/UltimeTradingBot/Data/IS_CLOSE/tp310_w40_max40min_Model_true_win_model_Re14.h5,2.7,15,180,539.3256889747655,-10.674311025234488,-1.9407838227699068,0,551.0400903753404,539.217758133366
130,/UltimeTradingBot/Data/IS_CLOSE/tp310_w40_max40min_Model_true_win_model_Re14.h5,1.7,15,1440,547.4260991306692,-2.573900869330828,-0.4679819762419687,0,550.9399975805746,547.5658194103895
131,/UltimeTradingBot/Data/IS_CLOSE/tp310_w40_max40min_Model_true_win_model_Re14.h5,2.7,15,1440,545.826709147306,-4.173290852693981,-0.7587801550352692,0,552.2926321692333,542.0726995239578
132,/UltimeTradingBot/Data/IS_CLOSE/tp310_w40_max40min_Model_true_win_model_Re14.h5,1.7,1,180,531.6888557766401,-18.31114422335986,-3.329298949701793,0,550.9399975805746,533.8579518648238
133,/UltimeTradingBot/Data/IS_CLOSE/tp310_w40_max40min_Model_true_win_model_Re14.h5,2.7,1,180,524.1414161025507,-25.858583897449307,-4.701560708627147,0,551.0400903753404,523.0067932099154
134,/UltimeTradingBot/Data/IS_CLOSE/tp310_w40_max40min_Model_true_win_model_Re14.h5,1.7,1,1440,532.3090432616766,-17.690956738323393,-3.216537588786072,0,550.9399975805746,531.8161427894902
135,/UltimeTradingBot/Data/IS_CLOSE/tp310_w40_max40min_Model_true_win_model_Re14.h5,2.7,1,1440,545.4892146599217,-4.510785340078314,-0.820142789105148,0,552.7905262760237,546.9066805431258
136,/UltimeTradingBot/Data/IS_CLOSE/tp310_w40_max40min_Model_true_win_model_Re12.h5,1.7,15,180,557.7480621444081,7.748062144408095,1.4087385717105627,0,566.5871069683777,541.9419047855982
137,/UltimeTradingBot/Data/IS_CLOSE/tp310_w40_max40min_Model_true_win_model_Re12.h5,2.7,15,180,586.1811572507033,36.181157250703336,6.578392227400606,0,595.020202074673,548.3690459629404
138,/UltimeTradingBot/Data/IS_CLOSE/tp310_w40_max40min_Model_true_win_model_Re12.h5,1.7,15,1440,531.0816496232667,-18.918350376733315,-3.439700068496966,0,558.3907211350227,534.2420401382019
139,/UltimeTradingBot/Data/IS_CLOSE/tp310_w40_max40min_Model_true_win_model_Re12.h5,2.7,15,1440,554.4054593974779,4.405459397477898,0.8009926177232541,0,580.5641885434595,548.3690459629404
140,/UltimeTradingBot/Data/IS_CLOSE/tp310_w40_max40min_Model_true_win_model_Re12.h5,1.7,1,180,562.3554716165688,12.35547161656882,2.2464493848306946,0,575.2413257756335,550.3917008908093
141,/UltimeTradingBot/Data/IS_CLOSE/tp310_w40_max40min_Model_true_win_model_Re12.h5,2.7,1,180,574.4595493264529,24.45954932645293,4.4471907866278055,0,580.7808301588448,552.7217046462711
142,/UltimeTradingBot/Data/IS_CLOSE/tp310_w40_max40min_Model_true_win_model_Re12.h5,1.7,1,1440,562.3554716165688,12.35547161656882,2.2464493848306946,0,575.2413257756335,550.3917008908093
143,/UltimeTradingBot/Data/IS_CLOSE/tp310_w40_max40min_Model_true_win_model_Re12.h5,2.7,1,1440,574.4595493264529,24.45954932645293,4.4471907866278055,0,580.7808301588448,552.7217046462711
144,/UltimeTradingBot/Data/IS_CLOSE/tp133_w33_max33min_Model_true_win_model_Re1.h5,1.7,15,180,587.0522693992573,37.05226939925728,6.736776254410415,0,587.3911370401145,529.5545429431205
145,/UltimeTradingBot/Data/IS_CLOSE/tp133_w33_max33min_Model_true_win_model_Re1.h5,2.7,15,180,573.2400156189508,23.240015618950792,4.2254573852637805,0,590.7597283066771,529.5496800018938
146,/UltimeTradingBot/Data/IS_CLOSE/tp133_w33_max33min_Model_true_win_model_Re1.h5,1.7,15,1440,547.2836410826226,-2.71635891737742,-0.4938834395231672,0,569.0562997455327,529.5545429431205
147,/UltimeTradingBot/Data/IS_CLOSE/tp133_w33_max33min_Model_true_win_model_Re1.h5,2.7,15,1440,564.2505388201594,14.250538820159363,2.5910070582107934,0,585.8342056668519,529.5496800018938
148,/UltimeTradingBot/Data/IS_CLOSE/tp133_w33_max33min_Model_true_win_model_Re1.h5,1.7,1,180,610.4563874947698,60.45638749476984,10.992070453594517,0,616.5705073720402,547.4607996465992
149,/UltimeTradingBot/Data/IS_CLOSE/tp133_w33_max33min_Model_true_win_model_Re1.h5,2.7,1,180,600.127846856542,50.12784685654197,9.11415397391672,0,606.2419667338123,547.899188527104
150,/UltimeTradingBot/Data/IS_CLOSE/tp133_w33_max33min_Model_true_win_model_Re1.h5,1.7,1,1440,610.4563874947698,60.45638749476984,10.992070453594517,0,616.5705073720402,547.4607996465992
151,/UltimeTradingBot/Data/IS_CLOSE/tp133_w33_max33min_Model_true_win_model_Re1.h5,2.7,1,1440,600.127846856542,50.12784685654197,9.11415397391672,0,606.2419667338123,547.899188527104
152,/UltimeTradingBot/Data/IS_HIGH/tp330_w33_max33min_Model_true_win_model_Re1.h5,1.7,15,180,560.9676550320996,10.967655032099628,1.9941190967453872,0,627.018548335303,580.5701917919141
153,/UltimeTradingBot/Data/IS_HIGH/tp330_w33_max33min_Model_true_win_model_Re1.h5,2.7,15,180,584.344450704943,34.34445070494303,6.2444455827169145,0,601.1639733366729,555.4959407234401
154,/UltimeTradingBot/Data/IS_HIGH/tp330_w33_max33min_Model_true_win_model_Re1.h5,1.7,15,1440,564.7667125069528,14.766712506952786,2.684856819445961,0,600.4034155368413,565.6378114289195
155,/UltimeTradingBot/Data/IS_HIGH/tp330_w33_max33min_Model_true_win_model_Re1.h5,2.7,15,1440,564.7802754434847,14.780275443484696,2.6873228079063085,0,622.1959289424038,567.1411460220013
156,/UltimeTradingBot/Data/IS_HIGH/tp330_w33_max33min_Model_true_win_model_Re1.h5,1.7,1,180,423.5251689187744,-126.47483108122566,-22.99542383295012,0,578.2337598344678,477.3484872519371
157,/UltimeTradingBot/Data/IS_HIGH/tp330_w33_max33min_Model_true_win_model_Re1.h5,2.7,1,180,434.5902233675991,-115.4097766324009,-20.98359575134561,0,562.4235407525173,455.6003397368933
158,/UltimeTradingBot/Data/IS_HIGH/tp330_w33_max33min_Model_true_win_model_Re1.h5,1.7,1,1440,423.6896054515409,-126.3103945484591,-22.96552628153802,0,578.9114342335243,477.91748160370975
159,/UltimeTradingBot/Data/IS_HIGH/tp330_w33_max33min_Model_true_win_model_Re1.h5,2.7,1,1440,439.1158554209857,-110.88414457901428,-20.160753559820776,0,561.8928442772667,459.8986085613818
160,/UltimeTradingBot/Data/IS_CLOSE/tp310_w40_max40min_Model_true_win_model_Re19.h5,1.7,15,180,538.4153119686545,-11.584688031345536,-2.106306914790097,0,595.3516295151112,549.24679051065
161,/UltimeTradingBot/Data/IS_CLOSE/tp310_w40_max40min_Model_true_win_model_Re19.h5,2.7,15,180,555.5139261452694,5.513926145269352,1.0025320264126094,0,600.8580359174243,569.4632949021474
162,/UltimeTradingBot/Data/IS_CLOSE/tp310_w40_max40min_Model_true_win_model_Re19.h5,1.7,15,1440,525.9234809971538,-24.076519002846226,-4.377548909608405,0,600.373483388563,545.2562293248187
163,/UltimeTradingBot/Data/IS_CLOSE/tp310_w40_max40min_Model_true_win_model_Re19.h5,2.7,15,1440,521.0430260578892,-28.956973942110835,-5.264904353111061,0,622.9141730709024,544.5255541645298
164,/UltimeTradingBot/Data/IS_CLOSE/tp310_w40_max40min_Model_true_win_model_Re19.h5,1.7,1,180,398.0053134679417,-151.99468653205827,-27.63539755128332,0,565.7049440948165,407.88138986366965
165,/UltimeTradingBot/Data/IS_CLOSE/tp310_w40_max40min_Model_true_win_model_Re19.h5,2.7,1,180,411.749339037472,-138.25066096252806,-25.136483811368738,0,566.0056826678531,442.7699590517447
166,/UltimeTradingBot/Data/IS_CLOSE/tp310_w40_max40min_Model_true_win_model_Re19.h5,1.7,1,1440,388.053080503361,-161.946919496639,-29.44489445393436,0,565.7060615742423,398.1887714964647
167,/UltimeTradingBot/Data/IS_CLOSE/tp310_w40_max40min_Model_true_win_model_Re19.h5,2.7,1,1440,418.2441174017666,-131.75588259823337,-23.95561501786061,0,566.0068001472789,531.6585277248538
168,/UltimeTradingBot/Data/IS_CLOSE/TP270.0_MHT240min_Model_Re1.h5,1.7,15,180,550.0,0.0,0.0,0,550.0,550.0
169,/UltimeTradingBot/Data/IS_CLOSE/TP270.0_MHT240min_Model_Re1.h5,2.7,15,180,550.0,0.0,0.0,0,550.0,550.0
170,/UltimeTradingBot/Data/IS_CLOSE/TP270.0_MHT240min_Model_Re1.h5,1.7,15,1440,550.0,0.0,0.0,0,550.0,550.0
171,/UltimeTradingBot/Data/IS_CLOSE/TP270.0_MHT240min_Model_Re1.h5,2.7,15,1440,550.0,0.0,0.0,0,550.0,550.0
172,/UltimeTradingBot/Data/IS_CLOSE/TP270.0_MHT240min_Model_Re1.h5,1.7,1,180,550.0,0.0,0.0,0,550.0,550.0
173,/UltimeTradingBot/Data/IS_CLOSE/TP270.0_MHT240min_Model_Re1.h5,2.7,1,180,550.0,0.0,0.0,0,550.0,550.0
174,/UltimeTradingBot/Data/IS_CLOSE/TP270.0_MHT240min_Model_Re1.h5,1.7,1,1440,550.0,0.0,0.0,0,550.0,550.0
175,/UltimeTradingBot/Data/IS_CLOSE/TP270.0_MHT240min_Model_Re1.h5,2.7,1,1440,550.0,0.0,0.0,0,550.0,550.0
176,/UltimeTradingBot/Data/IS_CLOSE/tp180_w35_max35min_Model_true_win_model_Re1.h5,1.7,15,180,550.0,0.0,0.0,0,550.0,550.0
177,/UltimeTradingBot/Data/IS_CLOSE/tp180_w35_max35min_Model_true_win_model_Re1.h5,2.7,15,180,550.0,0.0,0.0,0,550.0,550.0
178,/UltimeTradingBot/Data/IS_CLOSE/tp180_w35_max35min_Model_true_win_model_Re1.h5,1.7,15,1440,550.0,0.0,0.0,0,550.0,550.0
179,/UltimeTradingBot/Data/IS_CLOSE/tp180_w35_max35min_Model_true_win_model_Re1.h5,2.7,15,1440,550.0,0.0,0.0,0,550.0,550.0
180,/UltimeTradingBot/Data/IS_CLOSE/tp180_w35_max35min_Model_true_win_model_Re1.h5,1.7,1,180,550.0,0.0,0.0,0,550.0,550.0
181,/UltimeTradingBot/Data/IS_CLOSE/tp180_w35_max35min_Model_true_win_model_Re1.h5,2.7,1,180,550.0,0.0,0.0,0,550.0,550.0
182,/UltimeTradingBot/Data/IS_CLOSE/tp180_w35_max35min_Model_true_win_model_Re1.h5,1.7,1,1440,550.0,0.0,0.0,0,550.0,550.0
183,/UltimeTradingBot/Data/IS_CLOSE/tp180_w35_max35min_Model_true_win_model_Re1.h5,2.7,1,1440,550.0,0.0,0.0,0,550.0,550.0
184,/UltimeTradingBot/Data/IS_CLOSE/tp310_w40_max40min_Model_true_win_model_Re16.h5,1.7,15,180,565.091006316025,15.09100631602496,2.7438193301863563,0,630.207923488263,573.223643800238
185,/UltimeTradingBot/Data/IS_CLOSE/tp310_w40_max40min_Model_true_win_model_Re16.h5,2.7,15,180,587.5234265280224,37.52342652802236,6.822441186913156,0,625.6789390618794,569.3375373274635
186,/UltimeTradingBot/Data/IS_CLOSE/tp310_w40_max40min_Model_true_win_model_Re16.h5,1.7,15,1440,581.7802849580896,31.780284958089624,5.778233628743568,0,646.7359340778718,580.8855922849931
187,/UltimeTradingBot/Data/IS_CLOSE/tp310_w40_max40min_Model_true_win_model_Re16.h5,2.7,15,1440,651.1432598525162,101.14325985251617,18.389683609548392,0,675.5566902656876,569.3375373274635
188,/UltimeTradingBot/Data/IS_CLOSE/tp310_w40_max40min_Model_true_win_model_Re16.h5,1.7,1,180,552.9138823188999,2.9138823188999368,0.529796785254534,0,603.8133582713964,551.9785886604147
189,/UltimeTradingBot/Data/IS_CLOSE/tp310_w40_max40min_Model_true_win_model_Re16.h5,2.7,1,180,594.9731500607026,44.97315006070255,8.176936374673192,0,617.1260673057412,566.350224478474
190,/UltimeTradingBot/Data/IS_CLOSE/tp310_w40_max40min_Model_true_win_model_Re16.h5,1.7,1,1440,552.9138823188999,2.9138823188999368,0.529796785254534,0,603.8133582713964,551.9785886604147
191,/UltimeTradingBot/Data/IS_CLOSE/tp310_w40_max40min_Model_true_win_model_Re16.h5,2.7,1,1440,594.9731500607026,44.97315006070255,8.176936374673192,0,617.1260673057412,566.350224478474
192,/UltimeTradingBot/Data/IS_CLOSE/tp299_w99_max99min_Model_true_win_model_Re1.h5,1.7,15,180,550.0,0.0,0.0,0,550.0,550.0
193,/UltimeTradingBot/Data/IS_CLOSE/tp299_w99_max99min_Model_true_win_model_Re1.h5,2.7,15,180,550.0,0.0,0.0,0,550.0,550.0
194,/UltimeTradingBot/Data/IS_CLOSE/tp299_w99_max99min_Model_true_win_model_Re1.h5,1.7,15,1440,550.0,0.0,0.0,0,550.0,550.0
195,/UltimeTradingBot/Data/IS_CLOSE/tp299_w99_max99min_Model_true_win_model_Re1.h5,2.7,15,1440,550.0,0.0,0.0,0,550.0,550.0
196,/UltimeTradingBot/Data/IS_CLOSE/tp299_w99_max99min_Model_true_win_model_Re1.h5,1.7,1,180,550.0,0.0,0.0,0,550.0,550.0
197,/UltimeTradingBot/Data/IS_CLOSE/tp299_w99_max99min_Model_true_win_model_Re1.h5,2.7,1,180,550.0,0.0,0.0,0,550.0,550.0
198,/UltimeTradingBot/Data/IS_CLOSE/tp299_w99_max99min_Model_true_win_model_Re1.h5,1.7,1,1440,550.0,0.0,0.0,0,550.0,550.0
199,/UltimeTradingBot/Data/IS_CLOSE/tp299_w99_max99min_Model_true_win_model_Re1.h5,2.7,1,1440,550.0,0.0,0.0,0,550.0,550.0
200,/UltimeTradingBot/Data/IS_CLOSE/tp200_w25_max25min_Model_true_win_model_Re1.h5,1.7,15,180,552.508301762138,2.508301762137989,0.4560548658432707,0,633.988338305792,576.8078835863412
201,/UltimeTradingBot/Data/IS_CLOSE/tp200_w25_max25min_Model_true_win_model_Re1.h5,2.7,15,180,557.2512039147709,7.25120391477094,1.3184007117765346,0,644.4150813673494,589.6337259744325
202,/UltimeTradingBot/Data/IS_CLOSE/tp200_w25_max25min_Model_true_win_model_Re1.h5,1.7,15,1440,649.5223011524016,99.5223011524016,18.0949638458912,0,659.296023876898,556.9570925223069
203,/UltimeTradingBot/Data/IS_CLOSE/tp200_w25_max25min_Model_true_win_model_Re1.h5,2.7,15,1440,603.883513727081,53.88351372708098,9.797002495832906,0,598.8124882667303,559.9713571527986
204,/UltimeTradingBot/Data/IS_CLOSE/tp200_w25_max25min_Model_true_win_model_Re1.h5,1.7,1,180,449.69724500344927,-100.30275499655072,-18.236864544827405,0,596.7676243435114,487.8100770328862
205,/UltimeTradingBot/Data/IS_CLOSE/tp200_w25_max25min_Model_true_win_model_Re1.h5,2.7,1,180,501.6077857399063,-48.39221426009368,-8.798584410926123,0,590.8128800814876,540.9448849657664
206,/UltimeTradingBot/Data/IS_CLOSE/tp200_w25_max25min_Model_true_win_model_Re1.h5,1.7,1,1440,451.6266545295321,-98.37334547046788,-17.88606281281234,0,598.6970338695942,489.7394865589691
207,/UltimeTradingBot/Data/IS_CLOSE/tp200_w25_max25min_Model_true_win_model_Re1.h5,2.7,1,1440,502.91048693812473,-47.08951306187527,-8.561729647613685,0,590.8128800814876,540.9448849657664
208,/UltimeTradingBot/Data/IS_HIGH/tp310_w40_max40min_ModelModel_Re1.h5,1.7,15,180,517.9541323992993,-32.04586760070072,-5.826521381945585,0,585.0552122974594,520.6292637769917
209,/UltimeTradingBot/Data/IS_HIGH/tp310_w40_max40min_ModelModel_Re1.h5,2.7,15,180,536.5871338452475,-13.412866154752464,-2.4387029372277205,0,575.1400262555528,537.3650966872675
210,/UltimeTradingBot/Data/IS_HIGH/tp310_w40_max40min_ModelModel_Re1.h5,1.7,15,1440,516.8579129325434,-33.1420870674566,-6.025834012264837,0,600.0688729469429,557.3498188960931
211,/UltimeTradingBot/Data/IS_HIGH/tp310_w40_max40min_ModelModel_Re1.h5,2.7,15,1440,526.731702176164,-23.26829782383595,-4.230599604333809,0,623.0354205177126,567.015238190496
212,/UltimeTradingBot/Data/IS_HIGH/tp310_w40_max40min_ModelModel_Re1.h5,1.7,1,180,407.9577591454244,-142.04224085457565,-25.82586197355921,0,539.9099200714135,440.0202219213171
213,/UltimeTradingBot/Data/IS_HIGH/tp310_w40_max40min_ModelModel_Re1.h5,2.7,1,180,436.4739165149396,-113.52608348506044,-20.641106088192807,0,544.0068497728901,466.54954251397
214,/UltimeTradingBot/Data/IS_HIGH/tp310_w40_max40min_ModelModel_Re1.h5,1.7,1,1440,413.2855847401149,-136.71441525988507,-24.8571664108882,0,544.2524974515874,444.36279930149067
215,/UltimeTradingBot/Data/IS_HIGH/tp310_w40_max40min_ModelModel_Re1.h5,2.7,1,1440,440.805394048611,-109.194605951389,-19.853564718434367,0,561.8474049182198,516.7260174691786
216,/UltimeTradingBot/Data/IS_CLOSE/tp310_w40_max40min_Model_true_win_model_Re18.h5,1.7,15,180,550.2493717980517,0.2493717980516976,0.0453403269184904,0,629.7647024643545,572.5842477449037
217,/UltimeTradingBot/Data/IS_CLOSE/tp310_w40_max40min_Model_true_win_model_Re18.h5,2.7,15,180,632.969559005197,82.96955900519697,15.085374364581266,0,643.570422008475,588.7890666155581
218,/UltimeTradingBot/Data/IS_CLOSE/tp310_w40_max40min_Model_true_win_model_Re18.h5,1.7,15,1440,540.0939128991629,-9.906087100837112,-1.8011067456067478,0,573.9058077853375,539.691723455592
219,/UltimeTradingBot/Data/IS_CLOSE/tp310_w40_max40min_Model_true_win_model_Re18.h5,2.7,15,1440,537.2677402274444,-12.732259772555608,-2.3149563222828378,0,585.9444487690206,537.5530658429631
220,/UltimeTradingBot/Data/IS_CLOSE/tp310_w40_max40min_Model_true_win_model_Re18.h5,1.7,1,180,481.81481269683576,-68.18518730316424,-12.397306782393498,0,604.1242317470711,503.9878839026965
221,/UltimeTradingBot/Data/IS_CLOSE/tp310_w40_max40min_Model_true_win_model_Re18.h5,2.7,1,180,529.0261422793739,-20.973857720626143,-3.81342867647748,0,620.3950127070312,551.3478973869782
222,/UltimeTradingBot/Data/IS_CLOSE/tp310_w40_max40min_Model_true_win_model_Re18.h5,1.7,1,1440,481.81481269683576,-68.18518730316424,-12.397306782393498,0,604.1242317470711,503.9878839026965
223,/UltimeTradingBot/Data/IS_CLOSE/tp310_w40_max40min_Model_true_win_model_Re18.h5,2.7,1,1440,529.8123498360031,-20.187650163996864,-3.670481847999429,0,618.6241753589294,549.5770600388763
224,/UltimeTradingBot/Data/IS_CLOSE/tp310_w40_max40min_Model_true_win_model_Re11.h5,1.7,15,180,550.0,0.0,0.0,0,550.0,550.0
225,/UltimeTradingBot/Data/IS_CLOSE/tp310_w40_max40min_Model_true_win_model_Re11.h5,2.7,15,180,550.0,0.0,0.0,0,550.0,550.0
226,/UltimeTradingBot/Data/IS_CLOSE/tp310_w40_max40min_Model_true_win_model_Re11.h5,1.7,15,1440,550.0,0.0,0.0,0,550.0,550.0
227,/UltimeTradingBot/Data/IS_CLOSE/tp310_w40_max40min_Model_true_win_model_Re11.h5,2.7,15,1440,550.0,0.0,0.0,0,550.0,550.0
228,/UltimeTradingBot/Data/IS_CLOSE/tp310_w40_max40min_Model_true_win_model_Re11.h5,1.7,1,180,550.0,0.0,0.0,0,550.0,550.0
229,/UltimeTradingBot/Data/IS_CLOSE/tp310_w40_max40min_Model_true_win_model_Re11.h5,2.7,1,180,550.0,0.0,0.0,0,550.0,550.0
230,/UltimeTradingBot/Data/IS_CLOSE/tp310_w40_max40min_Model_true_win_model_Re11.h5,1.7,1,1440,550.0,0.0,0.0,0,550.0,550.0
231,/UltimeTradingBot/Data/IS_CLOSE/tp310_w40_max40min_Model_true_win_model_Re11.h5,2.7,1,1440,550.0,0.0,0.0,0,550.0,550.0
232,/UltimeTradingBot/Data/IS_CLOSE/TP270.0_MHT40min_Model_Re2.h5,1.7,15,180,583.2429188708015,33.24291887080153,6.04416706741846,0,596.8385401601021,538.6927700514938
233,/UltimeTradingBot/Data/IS_CLOSE/TP270.0_MHT40min_Model_Re2.h5,2.7,15,180,608.4850522533914,58.48505225339136,10.633645864252976,0,617.1096157704693,537.4309333132991
234,/UltimeTradingBot/Data/IS_CLOSE/TP270.0_MHT40min_Model_Re2.h5,1.7,15,1440,570.8874776740342,20.887477674034244,3.7977232134607712,0,592.1623990541527,559.2813423244448
235,/UltimeTradingBot/Data/IS_CLOSE/TP270.0_MHT40min_Model_Re2.h5,2.7,15,1440,638.5796670129002,88.57966701290025,16.1053940023455,0,651.2681846889444,558.6885018406628
236,/UltimeTradingBot/Data/IS_CLOSE/TP270.0_MHT40min_Model_Re2.h5,1.7,1,180,597.4854397311732,47.48543973117319,8.633716314758761,0,607.9906958519616,538.9042023485235
237,/UltimeTradingBot/Data/IS_CLOSE/TP270.0_MHT40min_Model_Re2.h5,2.7,1,180,589.0158722206811,39.0158722206811,7.093794949214746,0,599.1982697624011,541.9473279275627
238,/UltimeTradingBot/Data/IS_CLOSE/TP270.0_MHT40min_Model_Re2.h5,1.7,1,1440,597.4854397311732,47.48543973117319,8.633716314758761,0,607.9906958519616,538.9042023485235
239,/UltimeTradingBot/Data/IS_CLOSE/TP270.0_MHT40min_Model_Re2.h5,2.7,1,1440,589.0158722206811,39.0158722206811,7.093794949214746,0,599.1982697624011,541.9473279275627
240,/UltimeTradingBot/Data/IS_CLOSE/tp299_w99_max99min_ModelModel_Re2.h5,1.7,15,180,625.6947272838013,75.69472728380129,13.76267768796387,0,650.5356280550556,585.9668743179508
241,/UltimeTradingBot/Data/IS_CLOSE/tp299_w99_max99min_ModelModel_Re2.h5,2.7,15,180,637.3480264881568,87.34802648815685,15.881459361483063,0,661.6968051124112,597.5278513753066
242,/UltimeTradingBot/Data/IS_CLOSE/tp299_w99_max99min_ModelModel_Re2.h5,1.7,15,1440,609.2462654457727,59.24626544577268,10.77204826286776,0,655.3120981635468,592.1008741251679
243,/UltimeTradingBot/Data/IS_CLOSE/tp299_w99_max99min_ModelModel_Re2.h5,2.7,15,1440,667.857431227126,117.85743122712596,21.42862385947745,0,667.3229882545492,603.4909029982394
244,/UltimeTradingBot/Data/IS_CLOSE/tp299_w99_max99min_ModelModel_Re2.h5,1.7,1,180,650.1589319830705,100.15893198307047,18.21071490601281,0,646.7816274757112,571.5941907407412
245,/UltimeTradingBot/Data/IS_CLOSE/tp299_w99_max99min_ModelModel_Re2.h5,2.7,1,180,670.7024826604259,120.70248266042586,21.945905938259248,0,664.6962771447038,580.5832356168225
246,/UltimeTradingBot/Data/IS_CLOSE/tp299_w99_max99min_ModelModel_Re2.h5,1.7,1,1440,650.1589319830705,100.15893198307047,18.21071490601281,0,646.7816274757112,571.5941907407412
247,/UltimeTradingBot/Data/IS_CLOSE/tp299_w99_max99min_ModelModel_Re2.h5,2.7,1,1440,670.7024826604259,120.70248266042586,21.945905938259248,0,664.6962771447038,580.5832356168225
248,/UltimeTradingBot/Data/IS_CLOSE/tp180_w35_max35min_Model_true_win_model_Re2.h5,1.7,15,180,549.4665362101741,-0.5334637898258734,-0.0969934163319769,0,623.2992817730582,566.3150020850333
249,/UltimeTradingBot/Data/IS_CLOSE/tp180_w35_max35min_Model_true_win_model_Re2.h5,2.7,15,180,547.6794587093591,-2.320541290640904,-0.4219165982983461,0,631.0700775630875,576.2888294729082
250,/UltimeTradingBot/Data/IS_CLOSE/tp180_w35_max35min_Model_true_win_model_Re2.h5,1.7,15,1440,530.9024410329355,-19.097558967064515,-3.4722834485571847,0,553.0850218295905,533.9977232570296
251,/UltimeTradingBot/Data/IS_CLOSE/tp180_w35_max35min_Model_true_win_model_Re2.h5,2.7,15,1440,549.9410025236476,-0.0589974763523741,-0.0107268138822498,0,594.3704018061236,554.4902918509769
252,/UltimeTradingBot/Data/IS_CLOSE/tp180_w35_max35min_Model_true_win_model_Re2.h5,1.7,1,180,441.3251985126069,-108.67480148739315,-19.759054815889662,0,585.3489308926423,445.52895824587074
253,/UltimeTradingBot/Data/IS_CLOSE/tp180_w35_max35min_Model_true_win_model_Re2.h5,2.7,1,180,494.9433038217298,-55.056696178270215,-10.010308396049131,0,575.3368332500937,497.38923050686935
254,/UltimeTradingBot/Data/IS_CLOSE/tp180_w35_max35min_Model_true_win_model_Re2.h5,1.7,1,1440,433.214289735,-116.78571026499998,-21.23376550272727,0,577.2380221150352,437.4180494682639
255,/UltimeTradingBot/Data/IS_CLOSE/tp180_w35_max35min_Model_true_win_model_Re2.h5,2.7,1,1440,485.5494001437459,-64.45059985625409,-11.718290882955287,0,568.8730024628986,487.9953268288855
256,/UltimeTradingBot/Data/IS_CLOSE/tp200_w25_max25min_Model_true_win_model_Re2.h5,1.7,15,180,573.4432784008042,23.44327840080416,4.262414254691666,0,636.5221610839852,557.5663683375199
257,/UltimeTradingBot/Data/IS_CLOSE/tp200_w25_max25min_Model_true_win_model_Re2.h5,2.7,15,180,606.2061226977668,56.20612269776677,10.219295035957597,0,657.1500403911785,581.3851111639008
258,/UltimeTradingBot/Data/IS_CLOSE/tp200_w25_max25min_Model_true_win_model_Re2.h5,1.7,15,1440,598.8405553425517,48.84055534255174,8.880100971373043,0,641.2454792360188,578.0342551976399
259,/UltimeTradingBot/Data/IS_CLOSE/tp200_w25_max25min_Model_true_win_model_Re2.h5,2.7,15,1440,639.7085426054931,89.70854260549311,16.310644110089655,0,664.5444804861428,599.5697375585938
260,/UltimeTradingBot/Data/IS_CLOSE/tp200_w25_max25min_Model_true_win_model_Re2.h5,1.7,1,180,584.8246560534157,34.82465605341565,6.331755646075574,0,603.4099152183154,554.1698593965771
261,/UltimeTradingBot/Data/IS_CLOSE/tp200_w25_max25min_Model_true_win_model_Re2.h5,2.7,1,180,601.9711799681785,51.97117996817849,9.449305448759723,0,618.1198338089288,572.3539658850441
262,/UltimeTradingBot/Data/IS_CLOSE/tp200_w25_max25min_Model_true_win_model_Re2.h5,1.7,1,1440,584.8246560534157,34.82465605341565,6.331755646075574,0,603.4099152183154,554.1698593965771
263,/UltimeTradingBot/Data/IS_CLOSE/tp200_w25_max25min_Model_true_win_model_Re2.h5,2.7,1,1440,601.9711799681785,51.97117996817849,9.449305448759723,0,618.1198338089288,572.3539658850441
264,/UltimeTradingBot/Data/IS_CLOSE/tp215_w40_max40min_Model_true_win_model_Re2.h5,1.7,15,180,595.1031044473614,45.103104447361375,8.200564444974795,0,635.6215731297401,569.5198253606852
265,/UltimeTradingBot/Data/IS_CLOSE/tp215_w40_max40min_Model_true_win_model_Re2.h5,2.7,15,180,579.5974547189998,29.59745471899976,5.381355403454501,0,608.1425736326605,570.1045855969439
266,/UltimeTradingBot/Data/IS_CLOSE/tp215_w40_max40min_Model_true_win_model_Re2.h5,1.7,15,1440,526.079843413303,-23.920156586696976,-4.34911937939945,0,553.8730209511109,525.0734527317353
267,/UltimeTradingBot/Data/IS_CLOSE/tp215_w40_max40min_Model_true_win_model_Re2.h5,2.7,15,1440,533.0942975760445,-16.905702423955518,-3.073764077082821,0,553.6873284127472,534.6468959247577
268,/UltimeTradingBot/Data/IS_CLOSE/tp215_w40_max40min_Model_true_win_model_Re2.h5,1.7,1,180,381.33015073263215,-168.66984926736785,-30.66724532133961,0,555.5322797104809,392.1681681092903
269,/UltimeTradingBot/Data/IS_CLOSE/tp215_w40_max40min_Model_true_win_model_Re2.h5,2.7,1,180,456.9928699217323,-93.00713007826772,-16.910387286957768,0,569.5788952331975,468.11295166172766
270,/UltimeTradingBot/Data/IS_CLOSE/tp215_w40_max40min_Model_true_win_model_Re2.h5,1.7,1,1440,371.5856438372729,-178.41435616272707,-32.43897384776856,0,553.2102353757537,383.497488859142
271,/UltimeTradingBot/Data/IS_CLOSE/tp215_w40_max40min_Model_true_win_model_Re2.h5,2.7,1,1440,447.22303759118137,-102.77696240881863,-18.686720437967026,0,568.1082932389163,458.602126436258
272,/UltimeTradingBot/Data/IS_HIGH/tp330_w33_max33min_ModelModel_Re2.h5,1.7,15,180,545.3584272735854,-4.641572726414552,-0.8439223138935548,0,658.1802467613344,573.776509183669
273,/UltimeTradingBot/Data/IS_HIGH/tp330_w33_max33min_ModelModel_Re2.h5,2.7,15,180,567.6150607403301,17.615060740330136,3.202738316423661,0,640.3183140920208,573.7535456415657
274,/UltimeTradingBot/Data/IS_HIGH/tp330_w33_max33min_ModelModel_Re2.h5,1.7,15,1440,557.0576897171306,7.057689717130643,1.2832163122055713,0,656.4854702117291,575.2573358313888
275,/UltimeTradingBot/Data/IS_HIGH/tp330_w33_max33min_ModelModel_Re2.h5,2.7,15,1440,540.4070119329704,-9.592988067029635,-1.7441796485508432,0,580.5839124413283,548.0991884446712
276,/UltimeTradingBot/Data/IS_HIGH/tp330_w33_max33min_ModelModel_Re2.h5,1.7,1,180,404.586573621214,-145.41342637878597,-26.438804796142907,0,571.1453839419145,408.2903445614379
277,/UltimeTradingBot/Data/IS_HIGH/tp330_w33_max33min_ModelModel_Re2.h5,2.7,1,180,416.5834224209204,-133.4165775790796,-24.257559559832657,0,550.1356996652111,418.23250734930537
278,/UltimeTradingBot/Data/IS_HIGH/tp330_w33_max33min_ModelModel_Re2.h5,1.7,1,1440,404.5876911006399,-145.41230889936014,-26.438601618065483,0,571.1465014213403,408.2914620408637
279,/UltimeTradingBot/Data/IS_HIGH/tp330_w33_max33min_ModelModel_Re2.h5,2.7,1,1440,421.8466302366066,-128.1533697633934,-23.30061268425335,0,550.2904228567025,423.4957151649916
280,/UltimeTradingBot/Data/IS_CLOSE/tp170_w40_max40min_Model_true_win_model_Re2.h5,1.7,15,180,607.2018460463526,57.20184604635256,10.400335644791374,0,630.7023783109951,573.5219235915442
281,/UltimeTradingBot/Data/IS_CLOSE/tp170_w40_max40min_Model_true_win_model_Re2.h5,2.7,15,180,550.7753074562788,0.7753074562788242,0.1409649920506953,0,642.4987431950818,587.7173878021649
282,/UltimeTradingBot/Data/IS_CLOSE/tp170_w40_max40min_Model_true_win_model_Re2.h5,1.7,15,1440,509.3924103457298,-40.60758965427021,-7.38319811895822,0,601.6621736595769,524.4049046171752
283,/UltimeTradingBot/Data/IS_CLOSE/tp170_w40_max40min_Model_true_win_model_Re2.h5,2.7,15,1440,563.1814827027224,13.181482702722406,2.396633218676801,0,594.2159878080204,563.4675144968775
284,/UltimeTradingBot/Data/IS_CLOSE/tp170_w40_max40min_Model_true_win_model_Re2.h5,1.7,1,180,513.0288937443125,-36.97110625568746,-6.722019319215902,0,608.0740693588631,529.1247221877768
285,/UltimeTradingBot/Data/IS_CLOSE/tp170_w40_max40min_Model_true_win_model_Re2.h5,2.7,1,180,539.4918904188065,-10.50810958119348,-1.9105653783988144,0,620.3588847217992,549.507701978083
286,/UltimeTradingBot/Data/IS_CLOSE/tp170_w40_max40min_Model_true_win_model_Re2.h5,1.7,1,1440,513.0288937443125,-36.97110625568746,-6.722019319215902,0,608.0740693588631,529.1247221877768
287,/UltimeTradingBot/Data/IS_CLOSE/tp170_w40_max40min_Model_true_win_model_Re2.h5,2.7,1,1440,538.4577546721986,-11.542245327801425,-2.098590059600259,0,618.5880473736973,547.7368646299811
288,/UltimeTradingBot/Data/IS_HIGH/tp310_w40_max40min_ModelModel_Re2.h5,1.7,15,180,602.4498128187417,52.44981281874175,9.53632960340759,0,642.2402186906058,585.059763971155
289,/UltimeTradingBot/Data/IS_HIGH/tp310_w40_max40min_ModelModel_Re2.h5,2.7,15,180,614.3543422706252,64.35434227062524,11.700789503750045,0,654.0449839388497,599.2636285459328
290,/UltimeTradingBot/Data/IS_HIGH/tp310_w40_max40min_ModelModel_Re2.h5,1.7,15,1440,602.8068743135677,52.80687431356773,9.601249875194132,0,620.6263982542935,565.7582895835212
291,/UltimeTradingBot/Data/IS_HIGH/tp310_w40_max40min_ModelModel_Re2.h5,2.7,15,1440,555.4226358578562,5.422635857856221,0.9859337923374948,0,575.3765987396145,561.9862920450677
292,/UltimeTradingBot/Data/IS_HIGH/tp310_w40_max40min_ModelModel_Re2.h5,1.7,1,180,460.3702058012315,-89.62979419876848,-16.296326217957905,0,580.4416006824421,523.2134837444828
293,/UltimeTradingBot/Data/IS_HIGH/tp310_w40_max40min_ModelModel_Re2.h5,2.7,1,180,584.4645361988502,34.46453619885017,6.266279308881849,0,607.4194360284349,550.4429112345547
294,/UltimeTradingBot/Data/IS_HIGH/tp310_w40_max40min_ModelModel_Re2.h5,1.7,1,1440,460.3702058012315,-89.62979419876848,-16.296326217957905,0,580.4416006824421,523.2134837444828
295,/UltimeTradingBot/Data/IS_HIGH/tp310_w40_max40min_ModelModel_Re2.h5,2.7,1,1440,583.4307318296463,33.430731829646334,6.078314878117515,0,606.3856316592311,548.6720738864528
296,/UltimeTradingBot/Data/IS_CLOSE/tp130_w25_max25min_ModelModel_Re2.h5,1.7,15,180,610.7999236295325,60.799923629532486,11.054531569005906,0,630.5304234715186,573.3499687520678
297,/UltimeTradingBot/Data/IS_CLOSE/tp130_w25_max25min_ModelModel_Re2.h5,2.7,15,180,633.0728999986954,83.07289999869545,15.104163636126444,0,642.7790101206373,587.9976547277204
298,/UltimeTradingBot/Data/IS_CLOSE/tp130_w25_max25min_ModelModel_Re2.h5,1.7,15,1440,546.2157291004255,-3.7842708995744943,-0.6880492544680898,0,645.5589624442226,579.5087206513439
299,/UltimeTradingBot/Data/IS_CLOSE/tp130_w25_max25min_ModelModel_Re2.h5,2.7,15,1440,611.9687878425134,61.96878784251339,11.267052335002434,0,650.5829080162238,569.1816570782958
300,/UltimeTradingBot/Data/IS_CLOSE/tp130_w25_max25min_ModelModel_Re2.h5,1.7,1,180,510.0871876357598,-39.91281236424021,-7.256874975316402,0,606.1814487090243,523.8311765410974
301,/UltimeTradingBot/Data/IS_CLOSE/tp130_w25_max25min_ModelModel_Re2.h5,2.7,1,180,571.0729875043352,21.07298750433517,3.8314522735154863,0,624.5014700248281,578.7356021009434
302,/UltimeTradingBot/Data/IS_CLOSE/tp130_w25_max25min_ModelModel_Re2.h5,1.7,1,1440,510.0871876357598,-39.91281236424021,-7.256874975316402,0,606.1814487090243,523.8311765410974
303,/UltimeTradingBot/Data/IS_CLOSE/tp130_w25_max25min_ModelModel_Re2.h5,2.7,1,1440,574.9707365506534,24.97073655065344,4.540133918300626,0,622.7306326767263,576.9647647528416
304,/UltimeTradingBot/Data/IS_CLOSE/tp310_w40_max40min_Model_true_win_model_Re20.h5,1.7,15,180,555.1059903795849,5.1059903795849095,0.9283618871972562,0,552.1805281709671,522.4309448585368
305,/UltimeTradingBot/Data/IS_CLOSE/tp310_w40_max40min_Model_true_win_model_Re20.h5,2.7,15,180,534.6753565113102,-15.324643488689844,-2.7862988161254263,0,542.7493912151289,522.4309448585368
306,/UltimeTradingBot/Data/IS_CLOSE/tp310_w40_max40min_Model_true_win_model_Re20.h5,1.7,15,1440,555.1059903795849,5.1059903795849095,0.9283618871972562,0,552.1805281709671,522.4309448585368
307,/UltimeTradingBot/Data/IS_CLOSE/tp310_w40_max40min_Model_true_win_model_Re20.h5,2.7,15,1440,534.6753565113102,-15.324643488689844,-2.7862988161254263,0,542.7493912151289,522.4309448585368
308,/UltimeTradingBot/Data/IS_CLOSE/tp310_w40_max40min_Model_true_win_model_Re20.h5,1.7,1,180,569.845040734091,19.84504073409096,3.608189224380174,0,569.845040734091,549.0004999999996
309,/UltimeTradingBot/Data/IS_CLOSE/tp310_w40_max40min_Model_true_win_model_Re20.h5,2.7,1,180,573.7294057047826,23.729405704782607,4.314437400869565,0,573.7294057047826,549.0004999999996
310,/UltimeTradingBot/Data/IS_CLOSE/tp310_w40_max40min_Model_true_win_model_Re20.h5,1.7,1,1440,569.845040734091,19.84504073409096,3.608189224380174,0,569.845040734091,549.0004999999996
311,/UltimeTradingBot/Data/IS_CLOSE/tp310_w40_max40min_Model_true_win_model_Re20.h5,2.7,1,1440,573.7294057047826,23.729405704782607,4.314437400869565,0,573.7294057047826,549.0004999999996
312,/UltimeTradingBot/Data/IS_CLOSE/tp166_w16_max16min_ModelModel_Re2.h5,1.7,15,180,550.0,0.0,0.0,0,550.0,550.0
313,/UltimeTradingBot/Data/IS_CLOSE/tp166_w16_max16min_ModelModel_Re2.h5,2.7,15,180,550.0,0.0,0.0,0,550.0,550.0
314,/UltimeTradingBot/Data/IS_CLOSE/tp166_w16_max16min_ModelModel_Re2.h5,1.7,15,1440,550.0,0.0,0.0,0,550.0,550.0
315,/UltimeTradingBot/Data/IS_CLOSE/tp166_w16_max16min_ModelModel_Re2.h5,2.7,15,1440,550.0,0.0,0.0,0,550.0,550.0
316,/UltimeTradingBot/Data/IS_CLOSE/tp166_w16_max16min_ModelModel_Re2.h5,1.7,1,180,550.0,0.0,0.0,0,550.0,550.0
317,/UltimeTradingBot/Data/IS_CLOSE/tp166_w16_max16min_ModelModel_Re2.h5,2.7,1,180,550.0,0.0,0.0,0,550.0,550.0
318,/UltimeTradingBot/Data/IS_CLOSE/tp166_w16_max16min_ModelModel_Re2.h5,1.7,1,1440,550.0,0.0,0.0,0,550.0,550.0
319,/UltimeTradingBot/Data/IS_CLOSE/tp166_w16_max16min_ModelModel_Re2.h5,2.7,1,1440,550.0,0.0,0.0,0,550.0,550.0
320,/UltimeTradingBot/Data/PromizingModels/tp170_w40_max40min_Model_true_win_model_Re2.h5,1.7,15,180,542.160524769172,-7.839475230828043,-1.425359132877826,0,576.9165241049878,547.2463809652313
321,/UltimeTradingBot/Data/PromizingModels/tp170_w40_max40min_Model_true_win_model_Re2.h5,2.7,15,180,576.3611177985936,26.36111779859357,4.792930508835195,0,638.1019995058319,571.1843161431518
322,/UltimeTradingBot/Data/PromizingModels/tp170_w40_max40min_Model_true_win_model_Re2.h5,1.7,15,1440,533.8643880704317,-16.135611929568313,-2.933747623557875,0,556.2222294226169,535.0145986854275
323,/UltimeTradingBot/Data/PromizingModels/tp170_w40_max40min_Model_true_win_model_Re2.h5,2.7,15,1440,539.5202382663474,-10.479761733652596,-1.905411224300472,0,556.6304260988694,540.6704488813432
324,/UltimeTradingBot/Data/PromizingModels/tp170_w40_max40min_Model_true_win_model_Re2.h5,1.7,1,180,397.1017644636448,-152.89823553635517,-27.79967918842821,0,553.8319463466901,408.2834910028576
325,/UltimeTradingBot/Data/PromizingModels/tp170_w40_max40min_Model_true_win_model_Re2.h5,2.7,1,180,487.0042199842784,-62.99578001572161,-11.453778184676656,0,551.9077326473597,516.2257034985678
326,/UltimeTradingBot/Data/PromizingModels/tp170_w40_max40min_Model_true_win_model_Re2.h5,1.7,1,1440,367.8559552037029,-182.14404479629707,-33.117099053872195,0,553.8319463466901,389.898287122902
327,/UltimeTradingBot/Data/PromizingModels/tp170_w40_max40min_Model_true_win_model_Re2.h5,2.7,1,1440,432.890156487539,-117.109843512461,-21.29269882044745,0,554.0565524848604,462.82030870944686
328,/UltimeTradingBot/Data/IS_CLOSE/tp133_w33_max33min_ModelModel_Re2.h5,1.7,15,180,602.4498128187417,52.44981281874175,9.53632960340759,0,642.2402186906058,585.059763971155
329,/UltimeTradingBot/Data/IS_CLOSE/tp133_w33_max33min_ModelModel_Re2.h5,2.7,15,180,614.3543422706252,64.35434227062524,11.700789503750045,0,654.0449839388497,599.2636285459328
330,/UltimeTradingBot/Data/IS_CLOSE/tp133_w33_max33min_ModelModel_Re2.h5,1.7,15,1440,602.8068743135677,52.80687431356773,9.601249875194132,0,620.6263982542935,565.7582895835212
331,/UltimeTradingBot/Data/IS_CLOSE/tp133_w33_max33min_ModelModel_Re2.h5,2.7,15,1440,555.4226358578562,5.422635857856221,0.9859337923374948,0,575.3765987396145,561.9862920450677
332,/UltimeTradingBot/Data/IS_CLOSE/tp133_w33_max33min_ModelModel_Re2.h5,1.7,1,180,460.3702058012315,-89.62979419876848,-16.296326217957905,0,580.4416006824421,523.2134837444828
333,/UltimeTradingBot/Data/IS_CLOSE/tp133_w33_max33min_ModelModel_Re2.h5,2.7,1,180,584.4645361988502,34.46453619885017,6.266279308881849,0,607.4194360284349,550.4429112345547
334,/UltimeTradingBot/Data/IS_CLOSE/tp133_w33_max33min_ModelModel_Re2.h5,1.7,1,1440,460.3702058012315,-89.62979419876848,-16.296326217957905,0,580.4416006824421,523.2134837444828
335,/UltimeTradingBot/Data/IS_CLOSE/tp133_w33_max33min_ModelModel_Re2.h5,2.7,1,1440,583.4307318296463,33.430731829646334,6.078314878117515,0,606.3856316592311,548.6720738864528
336,/UltimeTradingBot/Data/IS_CLOSE/tp240_w240_max240min_Model_true_win_model_Re2.h5,1.7,15,180,550.0,0.0,0.0,0,550.0,550.0
337,/UltimeTradingBot/Data/IS_CLOSE/tp240_w240_max240min_Model_true_win_model_Re2.h5,2.7,15,180,550.0,0.0,0.0,0,550.0,550.0
338,/UltimeTradingBot/Data/IS_CLOSE/tp240_w240_max240min_Model_true_win_model_Re2.h5,1.7,15,1440,550.0,0.0,0.0,0,550.0,550.0
339,/UltimeTradingBot/Data/IS_CLOSE/tp240_w240_max240min_Model_true_win_model_Re2.h5,2.7,15,1440,550.0,0.0,0.0,0,550.0,550.0
340,/UltimeTradingBot/Data/IS_CLOSE/tp240_w240_max240min_Model_true_win_model_Re2.h5,1.7,1,180,550.0,0.0,0.0,0,550.0,550.0
341,/UltimeTradingBot/Data/IS_CLOSE/tp240_w240_max240min_Model_true_win_model_Re2.h5,2.7,1,180,550.0,0.0,0.0,0,550.0,550.0
342,/UltimeTradingBot/Data/IS_CLOSE/tp240_w240_max240min_Model_true_win_model_Re2.h5,1.7,1,1440,550.0,0.0,0.0,0,550.0,550.0
343,/UltimeTradingBot/Data/IS_CLOSE/tp240_w240_max240min_Model_true_win_model_Re2.h5,2.7,1,1440,550.0,0.0,0.0,0,550.0,550.0
344,/UltimeTradingBot/Data/IS_CLOSE/tp270_w60_max60min_Model_true_win_model_Re2.h5,1.7,15,180,510.0445319204896,-39.95546807951041,-7.264630559910984,0,555.3218632307229,502.5116421803698
345,/UltimeTradingBot/Data/IS_CLOSE/tp270_w60_max60min_Model_true_win_model_Re2.h5,2.7,15,180,520.2744630823889,-29.725536917611063,-5.404643075929285,0,557.4128934632812,506.3874896128583
346,/UltimeTradingBot/Data/IS_CLOSE/tp270_w60_max60min_Model_true_win_model_Re2.h5,1.7,15,1440,504.906716724689,-45.09328327531102,-8.198778777329277,0,555.3218632307229,502.5116421803698
347,/UltimeTradingBot/Data/IS_CLOSE/tp270_w60_max60min_Model_true_win_model_Re2.h5,2.7,15,1440,515.1022240420369,-34.89777595796306,-6.345050174175102,0,557.4128934632812,506.3874896128583
348,/UltimeTradingBot/Data/IS_CLOSE/tp270_w60_max60min_Model_true_win_model_Re2.h5,1.7,1,180,560.1441207895039,10.14412078950386,1.8443855980916108,0,590.8421037014922,566.817143882987
349,/UltimeTradingBot/Data/IS_CLOSE/tp270_w60_max60min_Model_true_win_model_Re2.h5,2.7,1,180,571.8485705835546,21.848570583554647,3.9724673788281177,0,595.5881792228953,576.0555418261005
350,/UltimeTradingBot/Data/IS_CLOSE/tp270_w60_max60min_Model_true_win_model_Re2.h5,1.7,1,1440,560.1441207895039,10.14412078950386,1.8443855980916108,0,590.8421037014922,566.817143882987
351,/UltimeTradingBot/Data/IS_CLOSE/tp270_w60_max60min_Model_true_win_model_Re2.h5,2.7,1,1440,571.8485705835546,21.848570583554647,3.9724673788281177,0,595.5881792228953,576.0555418261005
352,/UltimeTradingBot/Data/IS_CLOSE/tp130_w25_max25min_Model_true_win_model_Re2.h5,1.7,15,180,557.8485323155763,7.848532315576335,1.4270058755593336,0,629.6233193810732,572.6390396930483
353,/UltimeTradingBot/Data/IS_CLOSE/tp130_w25_max25min_Model_true_win_model_Re2.h5,2.7,15,180,559.1038218581043,9.103821858104313,1.6552403378371474,0,639.9559577879703,585.1747096977911
354,/UltimeTradingBot/Data/IS_CLOSE/tp130_w25_max25min_Model_true_win_model_Re2.h5,1.7,15,1440,554.8773649873133,4.877364987313285,0.8867936340569611,0,640.6594964293007,559.2061075241496
355,/UltimeTradingBot/Data/IS_CLOSE/tp130_w25_max25min_Model_true_win_model_Re2.h5,2.7,15,1440,585.258145910662,35.25814591066205,6.4105719837567365,0,647.0947291493475,583.0821775616314
356,/UltimeTradingBot/Data/IS_CLOSE/tp130_w25_max25min_Model_true_win_model_Re2.h5,1.7,1,180,504.1013905157813,-45.89860948421875,-8.34520172440341,0,613.3074473985978,568.5083967110133
357,/UltimeTradingBot/Data/IS_CLOSE/tp130_w25_max25min_Model_true_win_model_Re2.h5,2.7,1,180,578.0429249244044,28.04292492440436,5.098713622618974,0,614.9856830543587,565.4804181202855
358,/UltimeTradingBot/Data/IS_CLOSE/tp130_w25_max25min_Model_true_win_model_Re2.h5,1.7,1,1440,504.1013905157813,-45.89860948421875,-8.34520172440341,0,613.3074473985978,568.5083967110133
359,/UltimeTradingBot/Data/IS_CLOSE/tp130_w25_max25min_Model_true_win_model_Re2.h5,2.7,1,1440,577.249780414133,27.249780414133056,4.954505529842375,0,613.2148457062568,563.7095807721837
360,/UltimeTradingBot/Data/IS_CLOSE/tp299_w99_max99min_Model_true_win_model_Re2.h5,1.7,15,180,498.48935058095833,-51.51064941904167,-9.36557262164394,0,615.6385318888401,529.5324394439293
361,/UltimeTradingBot/Data/IS_CLOSE/tp299_w99_max99min_Model_true_win_model_Re2.h5,2.7,15,180,620.7353037831944,70.73530378319435,12.860964324217155,0,635.3127848793885,585.8083795423835
362,/UltimeTradingBot/Data/IS_CLOSE/tp299_w99_max99min_Model_true_win_model_Re2.h5,1.7,15,1440,531.756412064285,-18.243587935715027,-3.317015988311823,0,553.5495356536644,528.3501907841435
363,/UltimeTradingBot/Data/IS_CLOSE/tp299_w99_max99min_Model_true_win_model_Re2.h5,2.7,15,1440,537.2905982379502,-12.709401762049763,-2.310800320372685,0,553.5495356536644,537.4375545164845
364,/UltimeTradingBot/Data/IS_CLOSE/tp299_w99_max99min_Model_true_win_model_Re2.h5,1.7,1,180,383.6100384155408,-166.38996158445923,-30.25272028808349,0,565.0257443214426,477.4428248136581
365,/UltimeTradingBot/Data/IS_CLOSE/tp299_w99_max99min_Model_true_win_model_Re2.h5,2.7,1,180,431.8405202661306,-118.15947973386938,-21.48354176979443,0,565.5669244193231,498.2652588922261
366,/UltimeTradingBot/Data/IS_CLOSE/tp299_w99_max99min_Model_true_win_model_Re2.h5,1.7,1,1440,383.85012955728894,-166.14987044271106,-30.209067353220192,0,565.0268618008685,477.4439422930839
367,/UltimeTradingBot/Data/IS_CLOSE/tp299_w99_max99min_Model_true_win_model_Re2.h5,2.7,1,1440,435.7833988200284,-114.21660117997158,-20.766654759994832,0,565.5680418987489,498.5334685438535
368,/UltimeTradingBot/Data/IS_CLOSE/tp310_w40_max40min_Model_true_win_model_Re2.h5,1.7,15,180,534.7652831972773,-15.234716802722687,-2.769948509585943,0,626.9389408957325,569.7584861762816
369,/UltimeTradingBot/Data/IS_CLOSE/tp310_w40_max40min_Model_true_win_model_Re2.h5,2.7,15,180,548.6468253525122,-1.3531746474877764,-0.2460317540886866,0,638.166847444354,583.385492051437
370,/UltimeTradingBot/Data/IS_CLOSE/tp310_w40_max40min_Model_true_win_model_Re2.h5,1.7,15,1440,506.73560706827664,-43.26439293172336,-7.866253260313338,0,599.9962628191493,522.9388937767477
371,/UltimeTradingBot/Data/IS_CLOSE/tp310_w40_max40min_Model_true_win_model_Re2.h5,2.7,15,1440,552.3010467121824,2.301046712182369,0.4183721294877036,0,584.0266843494667,560.6211934776728
372,/UltimeTradingBot/Data/IS_CLOSE/tp310_w40_max40min_Model_true_win_model_Re2.h5,1.7,1,180,447.7632002229731,-102.23679977702687,-18.58850905036852,0,604.6619220257602,543.1120097643192
373,/UltimeTradingBot/Data/IS_CLOSE/tp310_w40_max40min_Model_true_win_model_Re2.h5,2.7,1,180,514.6490244132773,-35.35097558672271,-6.427450106676856,0,590.85839789825,545.0925299743653
374,/UltimeTradingBot/Data/IS_CLOSE/tp310_w40_max40min_Model_true_win_model_Re2.h5,1.7,1,1440,447.7632002229731,-102.23679977702687,-18.58850905036852,0,604.6619220257602,543.1120097643192
375,/UltimeTradingBot/Data/IS_CLOSE/tp310_w40_max40min_Model_true_win_model_Re2.h5,2.7,1,1440,485.8858951073476,-64.11410489265239,-11.657109980482252,0,562.0971708094838,516.3313028855991
376,/UltimeTradingBot/Data/IS_CLOSE/tp310_w40_max40min_Model_true_win_model_Re21.h5,1.7,15,180,560.5503517562319,10.550351756231862,1.918245773860339,0,608.3083564397236,551.1279017202728
377,/UltimeTradingBot/Data/IS_CLOSE/tp310_w40_max40min_Model_true_win_model_Re21.h5,2.7,15,180,573.2713509468897,23.271350946889697,4.231154717616309,0,631.9028106723334,567.4057467164439
378,/UltimeTradingBot/Data/IS_CLOSE/tp310_w40_max40min_Model_true_win_model_Re21.h5,1.7,15,1440,533.9697606643406,-16.030239335659417,-2.914588970119894,0,587.3485005019008,542.4983583535209
379,/UltimeTradingBot/Data/IS_CLOSE/tp310_w40_max40min_Model_true_win_model_Re21.h5,2.7,15,1440,539.32817491417,-10.67182508583005,-1.940331833787282,0,578.4033537302323,546.8379208482944
380,/UltimeTradingBot/Data/IS_CLOSE/tp310_w40_max40min_Model_true_win_model_Re21.h5,1.7,1,180,470.9878660364831,-79.01213396351687,-14.36584253882125,0,593.2697350249271,499.3345083418215
381,/UltimeTradingBot/Data/IS_CLOSE/tp310_w40_max40min_Model_true_win_model_Re21.h5,2.7,1,180,558.369913078491,8.369913078490981,1.521802377907451,0,601.5588717740349,555.7930038501502
382,/UltimeTradingBot/Data/IS_CLOSE/tp310_w40_max40min_Model_true_win_model_Re21.h5,1.7,1,1440,470.98898351590896,-79.01101648409104,-14.365639360743826,0,593.2708525043529,499.3356258212473
383,/UltimeTradingBot/Data/IS_CLOSE/tp310_w40_max40min_Model_true_win_model_Re21.h5,2.7,1,1440,561.0085515086453,11.008551508645269,2.001554819753685,0,604.1975102041891,558.4316422803045
384,/UltimeTradingBot/Data/IS_HIGH/tp310_w40_max40min_Model_true_win_model_Re2.h5,1.7,15,180,550.0,0.0,0.0,0,550.0,550.0
385,/UltimeTradingBot/Data/IS_HIGH/tp310_w40_max40min_Model_true_win_model_Re2.h5,2.7,15,180,550.0,0.0,0.0,0,550.0,550.0
386,/UltimeTradingBot/Data/IS_HIGH/tp310_w40_max40min_Model_true_win_model_Re2.h5,1.7,15,1440,550.0,0.0,0.0,0,550.0,550.0
387,/UltimeTradingBot/Data/IS_HIGH/tp310_w40_max40min_Model_true_win_model_Re2.h5,2.7,15,1440,550.0,0.0,0.0,0,550.0,550.0
388,/UltimeTradingBot/Data/IS_HIGH/tp310_w40_max40min_Model_true_win_model_Re2.h5,1.7,1,180,550.0,0.0,0.0,0,550.0,550.0
389,/UltimeTradingBot/Data/IS_HIGH/tp310_w40_max40min_Model_true_win_model_Re2.h5,2.7,1,180,550.0,0.0,0.0,0,550.0,550.0
390,/UltimeTradingBot/Data/IS_HIGH/tp310_w40_max40min_Model_true_win_model_Re2.h5,1.7,1,1440,550.0,0.0,0.0,0,550.0,550.0
391,/UltimeTradingBot/Data/IS_HIGH/tp310_w40_max40min_Model_true_win_model_Re2.h5,2.7,1,1440,550.0,0.0,0.0,0,550.0,550.0
392,/UltimeTradingBot/Data/IS_MIN/tp200_w33_max33min_Model_true_win_model_Re2.h5,1.7,15,180,540.9122584081101,-9.08774159188988,-1.6523166530708877,0,615.1390275407078,558.1547478526829
393,/UltimeTradingBot/Data/IS_MIN/tp200_w33_max33min_Model_true_win_model_Re2.h5,2.7,15,180,568.1449021653535,18.14490216535353,3.299073120973369,0,634.7745505645518,579.9933024743725
394,/UltimeTradingBot/Data/IS_MIN/tp200_w33_max33min_Model_true_win_model_Re2.h5,1.7,15,1440,514.0668284125379,-35.933171587462084,-6.533303924993106,0,553.2640628897526,513.8979696374287
395,/UltimeTradingBot/Data/IS_MIN/tp200_w33_max33min_Model_true_win_model_Re2.h5,2.7,15,1440,536.42636395853,-13.573636041469967,-2.467933825721812,0,555.7792950291137,546.2167573524464
396,/UltimeTradingBot/Data/IS_MIN/tp200_w33_max33min_Model_true_win_model_Re2.h5,1.7,1,180,377.5297134328438,-172.47028656715622,-31.35823392130113,0,574.8161489989266,384.4019097242465
397,/UltimeTradingBot/Data/IS_MIN/tp200_w33_max33min_Model_true_win_model_Re2.h5,2.7,1,180,493.39214034140167,-56.60785965859833,-10.292338119745152,0,570.6323494292546,514.4723667837567
398,/UltimeTradingBot/Data/IS_MIN/tp200_w33_max33min_Model_true_win_model_Re2.h5,1.7,1,1440,371.29226393757006,-178.70773606242994,-32.492315647714534,0,568.5786995036528,378.1644602289728
399,/UltimeTradingBot/Data/IS_MIN/tp200_w33_max33min_Model_true_win_model_Re2.h5,2.7,1,1440,483.0996997595332,-66.90030024046683,-12.163690952812152,0,567.3441290377434,503.6003871617703
400,/UltimeTradingBot/Data/IS_HIGH/tp330_w33_max33min_Model_true_win_model_Re2.h5,1.7,15,180,523.3313298340199,-26.668670165980075,-4.848849121087286,0,548.2345151617018,526.8306500508935
401,/UltimeTradingBot/Data/IS_HIGH/tp330_w33_max33min_Model_true_win_model_Re2.h5,2.7,15,180,546.759178400913,-3.240821599086985,-0.5892402907430881,0,551.3478524647767,538.1605097757771
402,/UltimeTradingBot/Data/IS_HIGH/tp330_w33_max33min_Model_true_win_model_Re2.h5,1.7,15,1440,545.3911238970244,-4.608876102975614,-0.8379774732682934,0,550.9399975805746,545.7652812003952
403,/UltimeTradingBot/Data/IS_HIGH/tp330_w33_max33min_Model_true_win_model_Re2.h5,2.7,15,1440,545.2598362458641,-4.740163754135892,-0.8618479552974351,0,552.2926321692333,541.6987646317741
404,/UltimeTradingBot/Data/IS_HIGH/tp330_w33_max33min_Model_true_win_model_Re2.h5,1.7,1,180,534.7854653294698,-15.214534670530156,-2.766279031005483,0,550.9399975805746,534.0067786223703
405,/UltimeTradingBot/Data/IS_HIGH/tp330_w33_max33min_Model_true_win_model_Re2.h5,2.7,1,180,537.7773461168035,-12.222653883196472,-2.222300706035722,0,551.0400903753404,540.1434805200977
406,/UltimeTradingBot/Data/IS_HIGH/tp330_w33_max33min_Model_true_win_model_Re2.h5,1.7,1,1440,536.350716411822,-13.649283588178037,-2.48168792512328,0,550.9399975805746,536.2258509082219
407,/UltimeTradingBot/Data/IS_HIGH/tp330_w33_max33min_Model_true_win_model_Re2.h5,2.7,1,1440,543.4389010729618,-6.561098927038188,-1.192927077643307,0,552.7905262760237,543.7783995937941
408,/UltimeTradingBot/Data/IS_CLOSE/tp133_w33_max33min_Model_true_win_model_Re2.h5,1.7,15,180,561.2187834839802,11.218783483980246,2.0397788152691354,0,618.2473574588856,561.2630777708607
409,/UltimeTradingBot/Data/IS_CLOSE/tp133_w33_max33min_Model_true_win_model_Re2.h5,2.7,15,180,604.2284747830636,54.228474783063575,9.85972268782974,0,638.3625574747643,570.3022517314114
410,/UltimeTradingBot/Data/IS_CLOSE/tp133_w33_max33min_Model_true_win_model_Re2.h5,1.7,15,1440,532.2125202519971,-17.787479748002852,-3.234087226909609,0,554.0560984125648,531.5041412209766
411,/UltimeTradingBot/Data/IS_CLOSE/tp133_w33_max33min_Model_true_win_model_Re2.h5,2.7,15,1440,537.1238889773483,-12.876111022651685,-2.34111109502758,0,553.7763644258655,536.4155099463278
412,/UltimeTradingBot/Data/IS_CLOSE/tp133_w33_max33min_Model_true_win_model_Re2.h5,1.7,1,180,394.2051531851584,-155.79484681484166,-28.326335784516665,0,565.4095264196899,485.160831672463
413,/UltimeTradingBot/Data/IS_CLOSE/tp133_w33_max33min_Model_true_win_model_Re2.h5,2.7,1,180,441.3881884946982,-108.61181150530176,-19.74760209187305,0,564.844004429362,455.4346916339104
414,/UltimeTradingBot/Data/IS_CLOSE/tp133_w33_max33min_Model_true_win_model_Re2.h5,1.7,1,1440,383.8266735755153,-166.17332642448469,-30.213332077179032,0,559.8498658688939,483.6766250664749
415,/UltimeTradingBot/Data/IS_CLOSE/tp133_w33_max33min_Model_true_win_model_Re2.h5,2.7,1,1440,448.6984438276076,-101.3015561723924,-18.4184647586168,0,562.3073481798433,469.27464908236703
416,/UltimeTradingBot/Data/IS_CLOSE/TP270.0_MHT240min_Model_Re2.h5,1.7,15,180,509.68197763861417,-40.31802236138583,-7.330549520251969,0,607.258140691453,521.1520482465422
417,/UltimeTradingBot/Data/IS_CLOSE/TP270.0_MHT240min_Model_Re2.h5,2.7,15,180,578.5326348678097,28.532634867809747,5.187751794147227,0,628.9042822113346,574.1230341211553
418,/UltimeTradingBot/Data/IS_CLOSE/TP270.0_MHT240min_Model_Re2.h5,1.7,15,1440,527.5700163042202,-22.42998369577981,-4.078178853778147,0,553.2640628897526,531.3572951584748
419,/UltimeTradingBot/Data/IS_CLOSE/TP270.0_MHT240min_Model_Re2.h5,2.7,15,1440,564.1440135824563,14.144013582456296,2.571638833173872,0,586.1575152299597,552.9663142492522
420,/UltimeTradingBot/Data/IS_CLOSE/TP270.0_MHT240min_Model_Re2.h5,1.7,1,180,394.5477826051229,-155.4522173948771,-28.26403952634129,0,566.5541357910073,431.9189538948117
421,/UltimeTradingBot/Data/IS_CLOSE/TP270.0_MHT240min_Model_Re2.h5,2.7,1,180,421.6411375633825,-128.35886243661747,-23.337974988475903,0,539.5676068402781,451.8492230614592
422,/UltimeTradingBot/Data/IS_CLOSE/TP270.0_MHT240min_Model_Re2.h5,1.7,1,1440,390.9986259746751,-159.00137402532488,-28.90934073187725,0,563.0049791605596,428.3697972643639
423,/UltimeTradingBot/Data/IS_CLOSE/TP270.0_MHT240min_Model_Re2.h5,2.7,1,1440,420.4886493660196,-129.51135063398038,-23.54751829708734,0,532.2666231017961,450.6967348640963
424,/UltimeTradingBot/Data/IS_CLOSE/tp310_w40_max40min_Model_VeryBig.h5,1.7,15,180,550.0,0.0,0.0,0,550.0,550.0
425,/UltimeTradingBot/Data/IS_CLOSE/tp310_w40_max40min_Model_VeryBig.h5,2.7,15,180,550.0,0.0,0.0,0,550.0,550.0
426,/UltimeTradingBot/Data/IS_CLOSE/tp310_w40_max40min_Model_VeryBig.h5,1.7,15,1440,550.0,0.0,0.0,0,550.0,550.0
427,/UltimeTradingBot/Data/IS_CLOSE/tp310_w40_max40min_Model_VeryBig.h5,2.7,15,1440,550.0,0.0,0.0,0,550.0,550.0
428,/UltimeTradingBot/Data/IS_CLOSE/tp310_w40_max40min_Model_VeryBig.h5,1.7,1,180,550.0,0.0,0.0,0,550.0,550.0
429,/UltimeTradingBot/Data/IS_CLOSE/tp310_w40_max40min_Model_VeryBig.h5,2.7,1,180,550.0,0.0,0.0,0,550.0,550.0
430,/UltimeTradingBot/Data/IS_CLOSE/tp310_w40_max40min_Model_VeryBig.h5,1.7,1,1440,550.0,0.0,0.0,0,550.0,550.0
431,/UltimeTradingBot/Data/IS_CLOSE/tp310_w40_max40min_Model_VeryBig.h5,2.7,1,1440,550.0,0.0,0.0,0,550.0,550.0
432,/UltimeTradingBot/Data/IS_CLOSE/tp133_w33_max33min_Model_VeryDeep.h5,1.7,15,180,598.0837280054543,48.083728005454304,8.742496000991691,0,640.4712999658927,569.9804700602788
433,/UltimeTradingBot/Data/IS_CLOSE/tp133_w33_max33min_Model_VeryDeep.h5,2.7,15,180,596.0589171019592,46.0589171019592,8.374348563992582,0,621.1460991760383,567.5904958473916
434,/UltimeTradingBot/Data/IS_CLOSE/tp133_w33_max33min_Model_VeryDeep.h5,1.7,15,1440,558.5694076958234,8.569407695823429,1.5580741265133509,0,593.9077937039985,559.0442495995397
435,/UltimeTradingBot/Data/IS_CLOSE/tp133_w33_max33min_Model_VeryDeep.h5,2.7,15,1440,561.8360427704486,11.836042770448556,2.1520077764451924,0,616.1324181173512,561.0793782768019
436,/UltimeTradingBot/Data/IS_CLOSE/tp133_w33_max33min_Model_VeryDeep.h5,1.7,1,180,371.93580902743656,-178.06419097256344,-32.37530744955699,0,548.5544267529376,459.63378856145374
437,/UltimeTradingBot/Data/IS_CLOSE/tp133_w33_max33min_Model_VeryDeep.h5,2.7,1,180,427.22286312016666,-122.77713687983334,-22.323115796333333,0,553.8320162713258,447.4265088642826
438,/UltimeTradingBot/Data/IS_CLOSE/tp133_w33_max33min_Model_VeryDeep.h5,1.7,1,1440,370.46378175625546,-179.53621824374454,-32.64294877158992,0,554.1497567603163,457.1236520331042
439,/UltimeTradingBot/Data/IS_CLOSE/tp133_w33_max33min_Model_VeryDeep.h5,2.7,1,1440,430.76610477537366,-119.23389522462634,-21.67889004084116,0,533.4055245460277,457.0070282262931
440,/UltimeTradingBot/Data/IS_MIN/tp200_w33_max33min_Model_VeryDeep.h5,1.7,15,180,561.5490044155841,11.549004415584136,2.099818984651661,0,580.5431829314301,546.4918343500584
441,/UltimeTradingBot/Data/IS_MIN/tp200_w33_max33min_Model_VeryDeep.h5,2.7,15,180,631.6199094517572,81.61990945175717,14.83998353668312,0,647.3039718309238,561.8461964529838
442,/UltimeTradingBot/Data/IS_MIN/tp200_w33_max33min_Model_VeryDeep.h5,1.7,15,1440,532.688840761694,-17.311159238306004,-3.147483497873819,0,554.655221778779,531.2213322248731
443,/UltimeTradingBot/Data/IS_MIN/tp200_w33_max33min_Model_VeryDeep.h5,2.7,15,1440,551.9066482244634,1.9066482244634244,0.3466633135388044,0,559.5871145971239,548.4196354421302
444,/UltimeTradingBot/Data/IS_MIN/tp200_w33_max33min_Model_VeryDeep.h5,1.7,1,180,366.0302932460588,-183.9697067539412,-33.44903759162567,0,554.4604529852347,392.5550749812844
445,/UltimeTradingBot/Data/IS_MIN/tp200_w33_max33min_Model_VeryDeep.h5,2.7,1,180,423.7730190974513,-126.22698090254868,-22.950360164099763,0,553.0335232488233,425.67337683018224
446,/UltimeTradingBot/Data/IS_MIN/tp200_w33_max33min_Model_VeryDeep.h5,1.7,1,1440,346.0482182592233,-203.9517817407767,-37.08214213468668,0,554.4604529852347,373.5711618239092
447,/UltimeTradingBot/Data/IS_MIN/tp200_w33_max33min_Model_VeryDeep.h5,2.7,1,1440,406.1343674302552,-143.86563256974483,-26.15738773995361,0,559.3329340697735,406.8017642544664
448,/UltimeTradingBot/Data/IS_CLOSE/tp180_w35_max35min_Model_VeryBig.h5,1.7,15,180,523.2397650027024,-26.76023499729763,-4.865497272235933,0,537.9571065091203,524.8682927663294
449,/UltimeTradingBot/Data/IS_CLOSE/tp180_w35_max35min_Model_VeryBig.h5,2.7,15,180,541.9240058380803,-8.075994161919652,-1.4683625748944824,0,555.8749576380369,545.5647141299442
450,/UltimeTradingBot/Data/IS_CLOSE/tp180_w35_max35min_Model_VeryBig.h5,1.7,15,1440,549.9446775440313,-0.055322455968735,-0.0100586283579518,0,551.8712102850997,539.0538112834146
451,/UltimeTradingBot/Data/IS_CLOSE/tp180_w35_max35min_Model_VeryBig.h5,2.7,15,1440,553.1374085136035,3.137408513603532,0.5704379115642785,0,555.9939440414078,546.1137042416085
452,/UltimeTradingBot/Data/IS_CLOSE/tp180_w35_max35min_Model_VeryBig.h5,1.7,1,180,533.1800512245069,-16.819948775493117,-3.0581725046351123,0,550.2089973371396,531.3296292997484
453,/UltimeTradingBot/Data/IS_CLOSE/tp180_w35_max35min_Model_VeryBig.h5,2.7,1,180,520.9998222792335,-29.000177720766487,-5.2727595855939065,0,550.4828966013802,519.8651993865982
454,/UltimeTradingBot/Data/IS_CLOSE/tp180_w35_max35min_Model_VeryBig.h5,1.7,1,1440,537.1411610165422,-12.858838983457758,-2.337970724265047,0,552.9029069009271,537.2570642282269
455,/UltimeTradingBot/Data/IS_CLOSE/tp180_w35_max35min_Model_VeryBig.h5,2.7,1,1440,544.308623714253,-5.691376285746969,-1.0347956883176308,0,554.3620703632697,545.1573809299389
456,/UltimeTradingBot/Data/IS_CLOSE/tp215_w40_max40min_Model_VeryDeep.h5,1.7,15,180,573.0144811935681,23.014481193568145,4.184451126103299,0,598.920100604327,569.6220788580936
457,/UltimeTradingBot/Data/IS_CLOSE/tp215_w40_max40min_Model_VeryDeep.h5,2.7,15,180,592.642118396941,42.64211839694099,7.753112435807452,0,628.7872752032233,571.1968689164964
458,/UltimeTradingBot/Data/IS_CLOSE/tp215_w40_max40min_Model_VeryDeep.h5,1.7,15,1440,551.4060371376969,1.4060371376968988,0.2556431159448907,0,641.6492708911435,559.1574410897055
459,/UltimeTradingBot/Data/IS_CLOSE/tp215_w40_max40min_Model_VeryDeep.h5,2.7,15,1440,525.4796709155257,-24.52032908447427,-4.458241651722594,0,608.3573313544515,553.7619469743922
460,/UltimeTradingBot/Data/IS_CLOSE/tp215_w40_max40min_Model_VeryDeep.h5,1.7,1,180,455.4051216332738,-94.59487836672622,-17.19906879395022,0,565.4138199384317,486.5035985740863
461,/UltimeTradingBot/Data/IS_CLOSE/tp215_w40_max40min_Model_VeryDeep.h5,2.7,1,180,471.4965381066147,-78.50346189338529,-14.273356707888237,0,559.5215591581004,492.2610658578597
462,/UltimeTradingBot/Data/IS_CLOSE/tp215_w40_max40min_Model_VeryDeep.h5,1.7,1,1440,454.2887596869134,-95.7112403130866,-17.402043693288473,0,564.297457992071,485.38723662772594
463,/UltimeTradingBot/Data/IS_CLOSE/tp215_w40_max40min_Model_VeryDeep.h5,2.7,1,1440,475.74448931496,-74.25551068504001,-13.501001942734549,0,563.7708454167816,496.509017066205
464,/UltimeTradingBot/Data/IS_HIGH/tp330_w33_max33min_Model_VeryDeep.h5,1.7,15,180,585.7758005200427,35.77580052004271,6.50469100364413,0,611.9922386764634,556.7055486874367
465,/UltimeTradingBot/Data/IS_HIGH/tp330_w33_max33min_Model_VeryDeep.h5,2.7,15,180,605.7280580512019,55.728058051201856,10.13237419112761,0,622.080036560583,571.9591441341017
466,/UltimeTradingBot/Data/IS_HIGH/tp330_w33_max33min_Model_VeryDeep.h5,1.7,15,1440,557.8405280748433,7.8405280748432915,1.425550559062417,0,601.2824220004916,565.2695845766983
467,/UltimeTradingBot/Data/IS_HIGH/tp330_w33_max33min_Model_VeryDeep.h5,2.7,15,1440,539.0881994012371,-10.911800598762852,-1.9839637452296093,0,555.9823302449088,538.7028322930976
