,0,Pair,launch_week_stamp,launch_day_stamp,launch_minute
0,BTCUSDT,BTC/USDT,1502668800000,1502928000000,2017-08-17 04:00:00
1,ETHUSDT,ETH/USDT,1502668800000,1502928000000,2017-08-17 04:00:00
2,BNBUSDT,BNB/USDT,1509926400000,1509926400000,2017-11-06 03:54:00
3,BCCUSDT,BCC/USDT,1509926400000,1510358400000,2017-11-11 08:28:00
4,NEOUSDT,NEO/USDT,1511136000000,1511136000000,2017-11-20 03:42:00
5,LTCUSDT,LTC/USDT,1512950400000,1513123200000,2017-12-13 03:32:00
6,QTUMUSDT,QTUM/USDT,1521417600000,1521417600000,2018-03-19 08:48:00
7,ADAUSDT,ADA/USDT,1523836800000,1523923200000,2018-04-17 04:02:00
8,XRPUSDT,XRP/USDT,1525046400000,1525392000000,2018-05-04 08:11:00
9,EOSUSDT,EOS/USDT,1527465600000,1527465600000,2018-05-28 05:00:00
10,TUSDUSDT,TUSD/USDT,1527465600000,1527724800000,2018-05-31 09:32:00
11,IOTAUSDT,IOTA/USDT,1527465600000,1527724800000,2018-05-31 09:30:00
12,XLMUSDT,XLM/USDT,1527465600000,1527724800000,2018-05-31 09:30:00
13,ONTUSDT,ONT/USDT,1528070400000,1528416000000,2018-06-08 07:00:00
14,TRXUSDT,TRX/USDT,1528675200000,1528675200000,2018-06-11 11:30:00
15,ETCUSDT,ETC/USDT,1528675200000,1528761600000,2018-06-12 02:30:00
16,ICXUSDT,ICX/USDT,1528675200000,1528848000000,2018-06-13 08:01:00
17,VENUSDT,VEN/USDT,1529280000000,1529625600000,2018-06-22 08:00:00
18,NULSUSDT,NULS/USDT,1532304000000,1532304000000,2018-07-23 04:02:00
19,VETUSDT,VET/USDT,1532304000000,1532476800000,2018-07-25 04:00:00
20,PAXUSDT,PAX/USDT,1538352000000,1538611200000,2018-10-04 10:00:00
21,BCHABCUSDT,BCHABC/USDT,1541980800000,1542326400000,2018-11-16 08:00:00
22,BCHSVUSDT,BCHSV/USDT,1541980800000,1542326400000,2018-11-16 08:00:00
23,USDCUSDT,USDC/USDT,1544400000000,1544832000000,2018-12-15 03:12:00
24,LINKUSDT,LINK/USDT,1547424000000,1547596800000,2019-01-16 10:00:00
25,WAVESUSDT,WAVES/USDT,1547424000000,1547769600000,2019-01-18 10:00:00
26,BTTUSDT,BTT/USDT,1548633600000,1548892800000,2019-01-31 10:00:00
27,USDSUSDT,USDS/USDT,1549843200000,1550102400000,2019-02-14 10:00:00
28,ONGUSDT,ONG/USDT,1549843200000,1550275200000,2019-02-16 10:04:00
29,HOTUSDT,HOT/USDT,1550448000000,1550448000000,2019-02-18 10:00:00
30,ZILUSDT,ZIL/USDT,1550448000000,1550534400000,2019-02-19 11:04:00
31,ZRXUSDT,ZRX/USDT,1551052800000,1551312000000,2019-02-28 04:00:00
32,FETUSDT,FET/USDT,1551052800000,1551312000000,2019-02-28 10:00:00
33,BATUSDT,BAT/USDT,1551657600000,1551657600000,2019-03-04 10:00:00
34,XMRUSDT,XMR/USDT,1552262400000,1552608000000,2019-03-15 04:00:00
35,ZECUSDT,ZEC/USDT,1552867200000,1553126400000,2019-03-21 04:00:00
36,IOSTUSDT,IOST/USDT,1552867200000,1553212800000,2019-03-22 04:08:00
37,CELRUSDT,CELR/USDT,1553472000000,1553472000000,2019-03-25 04:00:00
38,DASHUSDT,DASH/USDT,1553472000000,1553731200000,2019-03-28 04:00:00
39,NANOUSDT,NANO/USDT,1554076800000,1554249600000,2019-04-03 04:00:00
40,OMGUSDT,OMG/USDT,1554076800000,1554249600000,2019-04-03 04:00:00
41,THETAUSDT,THETA/USDT,1554681600000,1554854400000,2019-04-10 04:00:00
42,ENJUSDT,ENJ/USDT,1555286400000,1555545600000,2019-04-18 04:00:00
43,MITHUSDT,MITH/USDT,1555286400000,1555632000000,2019-04-19 10:00:00
44,MATICUSDT,MATIC/USDT,1555891200000,1556236800000,2019-04-26 15:00:00
45,ATOMUSDT,ATOM/USDT,1556496000000,1556496000000,2019-04-29 04:00:00
46,TFUELUSDT,TFUEL/USDT,1558310400000,1558656000000,2019-05-24 10:00:00
47,ONEUSDT,ONE/USDT,1558915200000,1559347200000,2019-06-01 04:00:00
48,FTMUSDT,FTM/USDT,1560124800000,1560211200000,2019-06-11 04:00:00
49,ALGOUSDT,ALGO/USDT,1560729600000,1561161600000,2019-06-22 00:00:00
50,USDSBUSDT,USDSB/USDT,1561334400000,1561334400000,2019-06-24 10:21:00
51,GTOUSDT,GTO/USDT,1561939200000,1561939200000,2019-07-01 11:00:00
52,ERDUSDT,ERD/USDT,1561939200000,1562198400000,2019-07-04 08:00:00
53,DOGEUSDT,DOGE/USDT,1561939200000,1562284800000,2019-07-05 12:00:00
54,DUSKUSDT,DUSK/USDT,1563753600000,1563753600000,2019-07-22 10:00:00
55,ANKRUSDT,ANKR/USDT,1563753600000,1563840000000,2019-07-23 14:00:00
56,WINUSDT,WIN/USDT,1564358400000,1564617600000,2019-08-01 10:00:00
57,COSUSDT,COS/USDT,1564358400000,1564790400000,2019-08-03 10:00:00
58,NPXSUSDT,NPXS/USDT,1565568000000,1565654400000,2019-08-13 11:00:00
59,COCOSUSDT,COCOS/USDT,1566172800000,1566345600000,2019-08-21 11:00:00
60,MTLUSDT,MTL/USDT,1566172800000,1566518400000,2019-08-23 10:00:00
61,TOMOUSDT,TOMO/USDT,1566172800000,1566604800000,2019-08-24 13:00:00
62,PERLUSDT,PERL/USDT,1566777600000,1566777600000,2019-08-26 12:00:00
63,DENTUSDT,DENT/USDT,1566777600000,1566864000000,2019-08-27 04:00:00
64,MFTUSDT,MFT/USDT,1566777600000,1566864000000,2019-08-27 04:00:00
65,KEYUSDT,KEY/USDT,1566777600000,1566864000000,2019-08-27 04:00:00
66,STORMUSDT,STORM/USDT,1566777600000,1566864000000,2019-08-27 04:00:00
67,DOCKUSDT,DOCK/USDT,1566777600000,1566864000000,2019-08-27 04:00:00
68,WANUSDT,WAN/USDT,1566777600000,1566864000000,2019-08-27 04:00:00
69,FUNUSDT,FUN/USDT,1566777600000,1566864000000,2019-08-27 04:00:00
70,CVCUSDT,CVC/USDT,1566777600000,1566864000000,2019-08-27 04:00:00
71,CHZUSDT,CHZ/USDT,1567382400000,1567728000000,2019-09-06 04:00:00
72,BANDUSDT,BAND/USDT,1568592000000,1568764800000,2019-09-18 12:00:00
73,BNBBUSD,BNB/BUSD,1568592000000,1568851200000,2019-09-19 10:01:00
74,BTCBUSD,BTC/BUSD,1568592000000,1568851200000,2019-09-19 10:02:00
75,BUSDUSDT,BUSD/USDT,1568592000000,1568937600000,2019-09-20 08:00:00
76,BEAMUSDT,BEAM/USDT,1568592000000,1569024000000,2019-09-21 12:00:00
77,XTZUSDT,XTZ/USDT,1569196800000,1569283200000,2019-09-24 11:00:00
78,RENUSDT,REN/USDT,1569196800000,1569369600000,2019-09-25 12:00:00
79,RVNUSDT,RVN/USDT,1569196800000,1569369600000,2019-09-25 12:00:00
80,HCUSDT,HC/USDT,1569196800000,1569369600000,2019-09-25 12:00:00
81,HBARUSDT,HBAR/USDT,1569196800000,1569715200000,2019-09-29 04:00:00
82,NKNUSDT,NKN/USDT,1570406400000,1570752000000,2019-10-11 14:00:00
83,XRPBUSD,XRP/BUSD,1571616000000,1571616000000,2019-10-21 08:00:00
84,ETHBUSD,ETH/BUSD,1571616000000,1571616000000,2019-10-21 08:00:00
85,BCHABCBUSD,BCHABC/BUSD,1571616000000,1571616000000,2019-10-21 08:00:00
86,LTCBUSD,LTC/BUSD,1571616000000,1571616000000,2019-10-21 08:00:00
87,LINKBUSD,LINK/BUSD,1571616000000,1571616000000,2019-10-21 08:00:00
88,ETCBUSD,ETC/BUSD,1571616000000,1571616000000,2019-10-21 08:00:00
89,STXUSDT,STX/USDT,1571616000000,1571961600000,2019-10-25 04:00:00
90,KAVAUSDT,KAVA/USDT,1571616000000,1571961600000,2019-10-25 02:00:00
91,ARPAUSDT,ARPA/USDT,1572825600000,1572998400000,2019-11-06 14:00:00
92,TRXBUSD,TRX/BUSD,1572825600000,1573084800000,2019-11-07 10:03:00
93,EOSBUSD,EOS/BUSD,1572825600000,1573084800000,2019-11-07 10:03:00
94,IOTXUSDT,IOTX/USDT,1573430400000,1573689600000,2019-11-14 03:00:00
95,RLCUSDT,RLC/USDT,1573430400000,1573689600000,2019-11-14 03:00:00
96,MCOUSDT,MCO/USDT,1574035200000,1574121600000,2019-11-19 10:00:00
97,XLMBUSD,XLM/BUSD,1574035200000,1574294400000,2019-11-21 04:00:00
98,ADABUSD,ADA/BUSD,1574035200000,1574294400000,2019-11-21 04:00:00
99,CTXCUSDT,CTXC/USDT,1574035200000,1574380800000,2019-11-22 14:00:00
100,BCHUSDT,BCH/USDT,1574640000000,1574899200000,2019-11-28 10:00:00
101,BCHBUSD,BCH/BUSD,1574640000000,1574899200000,2019-11-28 10:00:00
102,TROYUSDT,TROY/USDT,1575244800000,1575504000000,2019-12-05 02:00:00
103,QTUMBUSD,QTUM/BUSD,1575244800000,1575590400000,2019-12-06 08:00:00
104,VETBUSD,VET/BUSD,1575244800000,1575590400000,2019-12-06 08:00:00
105,VITEUSDT,VITE/USDT,1575849600000,1576195200000,2019-12-13 14:00:00
106,FTTUSDT,FTT/USDT,1576454400000,1576800000000,2019-12-20 03:00:00
107,EURBUSD,EUR/BUSD,1577664000000,1578009600000,2020-01-03 08:00:00
108,EURUSDT,EUR/USDT,1577664000000,1578009600000,2020-01-03 08:00:00
109,OGNUSDT,OGN/USDT,1578268800000,1578528000000,2020-01-09 03:00:00
110,DREPUSDT,DREP/USDT,1578873600000,1579132800000,2020-01-16 14:00:00
111,BULLUSDT,BULL/USDT,1578873600000,1579219200000,2020-01-17 12:00:00
112,BULLBUSD,BULL/BUSD,1578873600000,1579219200000,2020-01-17 12:00:00
113,BEARUSDT,BEAR/USDT,1578873600000,1579219200000,2020-01-17 12:00:00
114,BEARBUSD,BEAR/BUSD,1578873600000,1579219200000,2020-01-17 12:00:00
115,ETHBULLUSDT,ETHBULL/USDT,1578873600000,1579219200000,2020-01-17 12:00:00
116,ETHBULLBUSD,ETHBULL/BUSD,1578873600000,1579219200000,2020-01-17 12:00:00
117,ETHBEARUSDT,ETHBEAR/USDT,1578873600000,1579219200000,2020-01-17 12:00:00
118,ETHBEARBUSD,ETHBEAR/BUSD,1578873600000,1579219200000,2020-01-17 12:00:00
119,TCTUSDT,TCT/USDT,1579478400000,1579564800000,2020-01-21 14:00:00
120,WRXUSDT,WRX/USDT,1580688000000,1580860800000,2020-02-05 02:00:00
121,ICXBUSD,ICX/BUSD,1580688000000,1580947200000,2020-02-06 10:00:00
122,BTSUSDT,BTS/USDT,1580688000000,1580947200000,2020-02-06 10:00:00
123,BTSBUSD,BTS/BUSD,1580688000000,1580947200000,2020-02-06 10:00:00
124,LSKUSDT,LSK/USDT,1580688000000,1580947200000,2020-02-06 10:00:00
125,BNTUSDT,BNT/USDT,1580688000000,1580947200000,2020-02-06 10:00:00
126,BNTBUSD,BNT/BUSD,1580688000000,1580947200000,2020-02-06 10:00:00
127,LTOUSDT,LTO/USDT,1580688000000,1581033600000,2020-02-07 14:00:00
128,ATOMBUSD,ATOM/BUSD,1581292800000,1581379200000,2020-02-11 08:00:00
129,DASHBUSD,DASH/BUSD,1581292800000,1581379200000,2020-02-11 08:00:00
130,NEOBUSD,NEO/BUSD,1581292800000,1581379200000,2020-02-11 08:00:00
131,WAVESBUSD,WAVES/BUSD,1581292800000,1581379200000,2020-02-11 08:00:00
132,XTZBUSD,XTZ/BUSD,1581292800000,1581379200000,2020-02-11 08:00:00
133,EOSBULLUSDT,EOSBULL/USDT,1581292800000,1581465600000,2020-02-12 08:00:00
134,EOSBULLBUSD,EOSBULL/BUSD,1581292800000,1581465600000,2020-02-12 08:00:00
135,EOSBEARUSDT,EOSBEAR/USDT,1581292800000,1581465600000,2020-02-12 08:00:00
136,EOSBEARBUSD,EOSBEAR/BUSD,1581292800000,1581465600000,2020-02-12 08:00:00
137,XRPBULLUSDT,XRPBULL/USDT,1581292800000,1581465600000,2020-02-12 08:00:00
138,XRPBULLBUSD,XRPBULL/BUSD,1581292800000,1581465600000,2020-02-12 08:00:00
139,XRPBEARUSDT,XRPBEAR/USDT,1581292800000,1581465600000,2020-02-12 08:00:00
140,XRPBEARBUSD,XRPBEAR/BUSD,1581292800000,1581465600000,2020-02-12 08:11:00
141,BATBUSD,BAT/BUSD,1581292800000,1581638400000,2020-02-14 08:00:00
142,ENJBUSD,ENJ/BUSD,1581292800000,1581638400000,2020-02-14 08:00:00
143,NANOBUSD,NANO/BUSD,1581292800000,1581638400000,2020-02-14 08:00:00
144,ONTBUSD,ONT/BUSD,1581292800000,1581638400000,2020-02-14 08:00:00
145,RVNBUSD,RVN/BUSD,1581292800000,1581638400000,2020-02-14 08:00:00
146,STRATBUSD,STRAT/BUSD,1581897600000,1582070400000,2020-02-19 09:00:00
147,STRATUSDT,STRAT/USDT,1581897600000,1582070400000,2020-02-19 09:00:00
148,AIONBUSD,AION/BUSD,1581897600000,1582070400000,2020-02-19 09:00:00
149,AIONUSDT,AION/USDT,1581897600000,1582070400000,2020-02-19 09:00:00
150,MBLUSDT,MBL/USDT,1581897600000,1582243200000,2020-02-21 14:00:00
151,COTIUSDT,COTI/USDT,1582502400000,1582675200000,2020-02-26 14:00:00
152,ALGOBUSD,ALGO/BUSD,1582502400000,1582761600000,2020-02-27 11:00:00
153,BTTBUSD,BTT/BUSD,1582502400000,1582761600000,2020-02-27 11:00:00
154,TOMOBUSD,TOMO/BUSD,1582502400000,1582761600000,2020-02-27 11:00:00
155,XMRBUSD,XMR/BUSD,1582502400000,1582761600000,2020-02-27 11:00:00
156,ZECBUSD,ZEC/BUSD,1582502400000,1582761600000,2020-02-27 11:00:00
157,BNBBULLUSDT,BNBBULL/USDT,1583712000000,1583884800000,2020-03-11 07:00:00
158,BNBBULLBUSD,BNBBULL/BUSD,1583712000000,1583884800000,2020-03-11 07:00:00
159,BNBBEARUSDT,BNBBEAR/USDT,1583712000000,1583884800000,2020-03-11 07:00:00
160,BNBBEARBUSD,BNBBEAR/BUSD,1583712000000,1583884800000,2020-03-11 07:00:00
161,STPTUSDT,STPT/USDT,1584921600000,1585094400000,2020-03-25 14:00:00
162,WTCUSDT,WTC/USDT,1586131200000,1586217600000,2020-04-07 13:00:00
163,DATABUSD,DATA/BUSD,1586131200000,1586217600000,2020-04-07 13:00:00
164,DATAUSDT,DATA/USDT,1586131200000,1586217600000,2020-04-07 13:00:00
165,XZCUSDT,XZC/USDT,1586131200000,1586217600000,2020-04-07 13:00:00
166,SOLUSDT,SOL/USDT,1597017600000,1597104000000,2020-08-11 06:00:00
167,SOLBUSD,SOL/BUSD,1586131200000,1586476800000,2020-04-10 04:00:00
168,CTSIUSDT,CTSI/USDT,1587340800000,1587600000000,2020-04-23 02:00:00
169,CTSIBUSD,CTSI/BUSD,1587340800000,1587600000000,2020-04-23 02:00:00
170,HIVEUSDT,HIVE/USDT,1587945600000,1587945600000,2020-04-27 05:00:00
171,CHRUSDT,CHR/USDT,1588550400000,1588809600000,2020-05-07 14:00:00
172,BTCUPUSDT,BTCUP/USDT,1589155200000,1589414400000,2020-05-14 10:01:00
173,BTCDOWNUSDT,BTCDOWN/USDT,1589155200000,1589414400000,2020-05-14 10:18:00
174,GXSUSDT,GXS/USDT,1589155200000,1589328000000,2020-05-13 14:00:00
175,ARDRUSDT,ARDR/USDT,1589155200000,1589500800000,2020-05-15 08:00:00
176,ERDBUSD,ERD/BUSD,1589155200000,1589500800000,2020-05-15 08:00:00
177,LENDUSDT,LEND/USDT,1589155200000,1589500800000,2020-05-15 08:00:00
178,HBARBUSD,HBAR/BUSD,1589760000000,1590105600000,2020-05-22 08:00:00
179,MATICBUSD,MATIC/BUSD,1589760000000,1590105600000,2020-05-22 08:00:00
180,WRXBUSD,WRX/BUSD,1589760000000,1590105600000,2020-05-22 08:00:00
181,ZILBUSD,ZIL/BUSD,1589760000000,1590105600000,2020-05-22 08:00:00
182,MDTUSDT,MDT/USDT,1590969600000,1591315200000,2020-06-05 14:00:00
183,STMXUSDT,STMX/USDT,1591574400000,1591833600000,2020-06-11 03:00:00
184,KNCBUSD,KNC/BUSD,1591574400000,1591920000000,2020-06-12 08:00:00
185,KNCUSDT,KNC/USDT,1591574400000,1591920000000,2020-06-12 08:00:00
186,REPBUSD,REP/BUSD,1591574400000,1591920000000,2020-06-12 08:00:00
187,REPUSDT,REP/USDT,1591574400000,1591920000000,2020-06-12 08:00:00
188,LRCBUSD,LRC/BUSD,1591574400000,1591920000000,2020-06-12 08:00:00
189,LRCUSDT,LRC/USDT,1591574400000,1591920000000,2020-06-12 08:00:00
190,IQBUSD,IQ/BUSD,1592179200000,1592438400000,2020-06-18 10:00:00
191,PNTUSDT,PNT/USDT,1592784000000,1592784000000,2020-06-22 04:00:00
192,GBPBUSD,GBP/BUSD,1592179200000,1592524800000,2020-06-19 10:00:00
193,DGBBUSD,DGB/BUSD,1592784000000,1592784000000,2020-06-22 14:00:00
194,COMPBUSD,COMP/BUSD,1592784000000,1593043200000,2020-06-25 06:00:00
195,COMPUSDT,COMP/USDT,1592784000000,1593043200000,2020-06-25 06:00:00
196,BKRWUSDT,BKRW/USDT,1593993600000,1593993600000,2020-07-06 05:00:00
197,BKRWBUSD,BKRW/BUSD,1593993600000,1593993600000,2020-07-06 05:00:00
198,SCUSDT,SC/USDT,1593993600000,1593993600000,2020-07-06 05:00:00
199,ZENUSDT,ZEN/USDT,1593993600000,1593993600000,2020-07-06 05:00:00
200,SXPBUSD,SXP/BUSD,1593993600000,1594080000000,2020-07-07 14:00:00
201,SNXBUSD,SNX/BUSD,1593993600000,1594252800000,2020-07-09 12:00:00
202,SNXUSDT,SNX/USDT,1593993600000,1594252800000,2020-07-09 12:00:00
203,ETHUPUSDT,ETHUP/USDT,1594598400000,1594598400000,2020-07-13 08:00:00
204,ETHDOWNUSDT,ETHDOWN/USDT,1594598400000,1594598400000,2020-07-13 08:00:00
205,ADAUPUSDT,ADAUP/USDT,1594598400000,1594857600000,2020-07-16 08:18:00
206,ADADOWNUSDT,ADADOWN/USDT,1594598400000,1594857600000,2020-07-16 08:18:00
207,LINKUPUSDT,LINKUP/USDT,1594598400000,1594857600000,2020-07-16 08:00:00
208,LINKDOWNUSDT,LINKDOWN/USDT,1594598400000,1594857600000,2020-07-16 08:00:00
209,VTHOBUSD,VTHO/BUSD,1594598400000,1594944000000,2020-07-17 09:00:00
210,VTHOUSDT,VTHO/USDT,1594598400000,1594944000000,2020-07-17 09:00:00
211,DCRBUSD,DCR/BUSD,1595203200000,1595203200000,2020-07-20 12:00:00
212,DGBUSDT,DGB/USDT,1595203200000,1595203200000,2020-07-20 12:00:00
213,GBPUSDT,GBP/USDT,1595203200000,1595203200000,2020-07-20 12:00:00
214,STORJBUSD,STORJ/BUSD,1595203200000,1595203200000,2020-07-20 12:00:00
215,SXPUSDT,SXP/USDT,1595203200000,1595203200000,2020-07-20 12:00:00
216,IRISBUSD,IRIS/BUSD,1595203200000,1595289600000,2020-07-21 13:00:00
217,MKRUSDT,MKR/USDT,1595203200000,1595462400000,2020-07-23 14:00:00
218,MKRBUSD,MKR/BUSD,1595203200000,1595462400000,2020-07-23 14:00:00
219,DAIUSDT,DAI/USDT,1595203200000,1595462400000,2020-07-23 14:00:00
220,DAIBUSD,DAI/BUSD,1595203200000,1595462400000,2020-07-23 14:00:00
221,RUNEBUSD,RUNE/BUSD,1595203200000,1595548800000,2020-07-24 11:00:00
222,MANABUSD,MANA/BUSD,1595808000000,1596067200000,2020-07-30 05:00:00
223,DOGEBUSD,DOGE/BUSD,1595808000000,1596067200000,2020-07-30 05:00:00
224,LENDBUSD,LEND/BUSD,1595808000000,1596067200000,2020-07-30 05:00:00
225,ZRXBUSD,ZRX/BUSD,1595808000000,1596067200000,2020-07-30 05:00:00
226,DCRUSDT,DCR/USDT,1595808000000,1596067200000,2020-07-30 05:00:00
227,STORJUSDT,STORJ/USDT,1595808000000,1596067200000,2020-07-30 05:00:00
228,AUDBUSD,AUD/BUSD,1595808000000,1596153600000,2020-07-31 10:00:00
229,FIOBUSD,FIO/BUSD,1595808000000,1596153600000,2020-07-31 09:00:00
230,BNBUPUSDT,BNBUP/USDT,1596412800000,1596672000000,2020-08-06 07:00:00
231,BNBDOWNUSDT,BNBDOWN/USDT,1596412800000,1596672000000,2020-08-06 07:00:00
232,XTZUPUSDT,XTZUP/USDT,1596412800000,1596758400000,2020-08-07 07:00:00
233,XTZDOWNUSDT,XTZDOWN/USDT,1596412800000,1596758400000,2020-08-07 07:00:00
234,AVABUSD,AVA/BUSD,1596412800000,1596585600000,2020-08-05 15:00:00
235,IOTABUSD,IOTA/BUSD,1596412800000,1596672000000,2020-08-06 10:00:00
236,MANAUSDT,MANA/USDT,1596412800000,1596672000000,2020-08-06 10:00:00
237,AUDUSDT,AUD/USDT,1596412800000,1596758400000,2020-08-07 02:00:00
238,BALBUSD,BAL/BUSD,1596412800000,1596672000000,2020-08-06 14:00:00
239,YFIBUSD,YFI/BUSD,1597017600000,1597017600000,2020-08-10 12:00:00
240,YFIUSDT,YFI/USDT,1597017600000,1597017600000,2020-08-10 12:00:00
241,BLZBUSD,BLZ/BUSD,1597017600000,1597104000000,2020-08-11 06:00:00
242,KMDBUSD,KMD/BUSD,1597017600000,1597104000000,2020-08-11 06:00:00
243,BALUSDT,BAL/USDT,1597017600000,1597104000000,2020-08-11 06:00:00
244,BLZUSDT,BLZ/USDT,1597017600000,1597104000000,2020-08-11 06:00:00
245,IRISUSDT,IRIS/USDT,1597017600000,1597104000000,2020-08-11 06:00:00
246,KMDUSDT,KMD/USDT,1597017600000,1597104000000,2020-08-11 06:00:00
247,JSTBUSD,JST/BUSD,1597017600000,1597104000000,2020-08-11 06:00:00
248,JSTUSDT,JST/USDT,1597017600000,1597104000000,2020-08-11 06:00:00
249,SRMBUSD,SRM/BUSD,1597017600000,1597104000000,2020-08-11 13:30:00
250,SRMUSDT,SRM/USDT,1597017600000,1597104000000,2020-08-11 13:30:00
251,ANTBUSD,ANT/BUSD,1597017600000,1597276800000,2020-08-13 02:30:00
252,ANTUSDT,ANT/USDT,1597017600000,1597276800000,2020-08-13 02:30:00
253,CRVBUSD,CRV/BUSD,1597017600000,1597449600000,2020-08-15 04:00:00
254,CRVUSDT,CRV/USDT,1597017600000,1597449600000,2020-08-15 04:00:00
255,SANDUSDT,SAND/USDT,1597017600000,1597363200000,2020-08-14 13:00:00
256,SANDBUSD,SAND/BUSD,1597017600000,1597363200000,2020-08-14 13:00:00
257,OCEANBUSD,OCEAN/BUSD,1597622400000,1597622400000,2020-08-17 08:00:00
258,OCEANUSDT,OCEAN/USDT,1597622400000,1597795200000,2020-08-19 08:00:00
259,NMRBUSD,NMR/BUSD,1597622400000,1597622400000,2020-08-17 12:02:00
260,NMRUSDT,NMR/USDT,1597622400000,1597795200000,2020-08-19 12:00:00
261,DOTBUSD,DOT/BUSD,1597622400000,1597708800000,2020-08-18 23:00:00
262,DOTUSDT,DOT/USDT,1597622400000,1597708800000,2020-08-18 23:00:00
263,LUNABUSD,LUNA/BUSD,1597622400000,1597795200000,2020-08-19 10:00:00
264,LUNAUSDT,LUNA/USDT,1597622400000,1597968000000,2020-08-21 10:00:00
265,IDEXBUSD,IDEX/BUSD,1597622400000,1598054400000,2020-08-22 07:00:00
266,RSRBUSD,RSR/BUSD,1598227200000,1598313600000,2020-08-25 07:00:00
267,RSRUSDT,RSR/USDT,1598227200000,1598486400000,2020-08-27 07:00:00
268,PAXGBUSD,PAXG/BUSD,1598227200000,1598400000000,2020-08-26 12:00:00
269,PAXGUSDT,PAXG/USDT,1598227200000,1598572800000,2020-08-28 12:00:00
270,WNXMBUSD,WNXM/BUSD,1598227200000,1598400000000,2020-08-26 07:00:00
271,WNXMUSDT,WNXM/USDT,1598227200000,1598572800000,2020-08-28 07:00:00
272,TRBBUSD,TRB/BUSD,1598227200000,1598486400000,2020-08-27 07:00:00
273,TRBUSDT,TRB/USDT,1598227200000,1598659200000,2020-08-29 07:00:00
274,BZRXBUSD,BZRX/BUSD,1598227200000,1598659200000,2020-08-29 07:00:00
275,BZRXUSDT,BZRX/USDT,1598832000000,1598832000000,2020-08-31 07:00:00
276,SUSHIBUSD,SUSHI/BUSD,1598832000000,1598918400000,2020-09-01 11:00:00
277,SUSHIUSDT,SUSHI/USDT,1598832000000,1598918400000,2020-09-01 11:00:00
278,YFIIBUSD,YFII/BUSD,1598832000000,1598918400000,2020-09-01 11:00:00
279,YFIIUSDT,YFII/USDT,1598832000000,1598918400000,2020-09-01 11:00:00
280,KSMBUSD,KSM/BUSD,1598832000000,1599004800000,2020-09-02 11:00:00
281,KSMUSDT,KSM/USDT,1598832000000,1599177600000,2020-09-04 11:00:00
282,EGLDBUSD,EGLD/BUSD,1598832000000,1599091200000,2020-09-03 03:00:00
283,EGLDUSDT,EGLD/USDT,1598832000000,1599091200000,2020-09-03 03:00:00
284,DIABUSD,DIA/BUSD,1598832000000,1599004800000,2020-09-02 13:00:00
285,DIAUSDT,DIA/USDT,1598832000000,1599177600000,2020-09-04 13:00:00
286,RUNEUSDT,RUNE/USDT,1598832000000,1599177600000,2020-09-04 06:50:00
287,FIOUSDT,FIO/USDT,1598832000000,1599177600000,2020-09-04 06:50:00
288,UMAUSDT,UMA/USDT,1599436800000,1599609600000,2020-09-09 09:00:00
289,EOSUPUSDT,EOSUP/USDT,1599436800000,1599696000000,2020-09-10 07:00:00
290,EOSDOWNUSDT,EOSDOWN/USDT,1599436800000,1599696000000,2020-09-10 07:00:00
291,TRXUPUSDT,TRXUP/USDT,1599436800000,1599696000000,2020-09-10 07:00:00
292,TRXDOWNUSDT,TRXDOWN/USDT,1599436800000,1599696000000,2020-09-10 07:00:00
293,XRPUPUSDT,XRPUP/USDT,1599436800000,1599782400000,2020-09-11 07:00:00
294,XRPDOWNUSDT,XRPDOWN/USDT,1599436800000,1599782400000,2020-09-11 07:00:00
295,DOTUPUSDT,DOTUP/USDT,1599436800000,1599782400000,2020-09-11 07:00:00
296,DOTDOWNUSDT,DOTDOWN/USDT,1599436800000,1599782400000,2020-09-11 07:00:00
297,BELBUSD,BEL/BUSD,1600041600000,1600128000000,2020-09-15 08:00:00
298,BELUSDT,BEL/USDT,1600041600000,1600128000000,2020-09-15 08:00:00
299,SWRVBUSD,SWRV/BUSD,1600041600000,1600128000000,2020-09-15 06:00:00
300,WINGBUSD,WING/BUSD,1600041600000,1600214400000,2020-09-16 02:00:00
301,WINGUSDT,WING/USDT,1600041600000,1600214400000,2020-09-16 02:00:00
302,LTCUPUSDT,LTCUP/USDT,1600041600000,1600214400000,2020-09-16 07:00:00
303,LTCDOWNUSDT,LTCDOWN/USDT,1600041600000,1600214400000,2020-09-16 07:00:00
304,CREAMBUSD,CREAM/BUSD,1600041600000,1600214400000,2020-09-16 13:00:00
305,UNIBUSD,UNI/BUSD,1600041600000,1600300800000,2020-09-17 03:00:00
306,UNIUSDT,UNI/USDT,1600041600000,1600300800000,2020-09-17 03:00:00
307,NBSUSDT,NBS/USDT,1600646400000,1600646400000,2020-09-21 10:00:00
308,OXTUSDT,OXT/USDT,1600646400000,1600646400000,2020-09-21 08:15:00
309,SUNUSDT,SUN/USDT,1600646400000,1600646400000,2020-09-21 14:00:00
310,AVAXBUSD,AVAX/BUSD,1600646400000,1600732800000,2020-09-22 06:30:00
311,AVAXUSDT,AVAX/USDT,1600646400000,1600732800000,2020-09-22 06:30:00
312,HNTUSDT,HNT/USDT,1600646400000,1600905600000,2020-09-24 09:00:00
313,FLMBUSD,FLM/BUSD,1601251200000,1601251200000,2020-09-28 07:00:00
314,FLMUSDT,FLM/USDT,1601251200000,1601251200000,2020-09-28 07:00:00
315,CAKEBUSD,CAKE/BUSD,1601251200000,1601337600000,2020-09-29 08:00:00
316,UNIUPUSDT,UNIUP/USDT,1601251200000,1601424000000,2020-09-30 07:00:00
317,UNIDOWNUSDT,UNIDOWN/USDT,1601251200000,1601424000000,2020-09-30 07:00:00
318,ORNUSDT,ORN/USDT,1601251200000,1601424000000,2020-09-30 06:00:00
319,UTKUSDT,UTK/USDT,1601251200000,1601596800000,2020-10-02 06:00:00
320,XVSBUSD,XVS/BUSD,1601856000000,1601942400000,2020-10-06 05:00:00
321,XVSUSDT,XVS/USDT,1601856000000,1601942400000,2020-10-06 05:00:00
322,ALPHABUSD,ALPHA/BUSD,1601856000000,1602288000000,2020-10-10 05:00:00
323,ALPHAUSDT,ALPHA/USDT,1601856000000,1602288000000,2020-10-10 05:00:00
324,VIDTBUSD,VIDT/BUSD,1601856000000,1602201600000,2020-10-09 14:00:00
325,AAVEBUSD,AAVE/BUSD,1602460800000,1602720000000,2020-10-15 03:00:00
326,AAVEUSDT,AAVE/USDT,1602460800000,1602720000000,2020-10-15 03:00:00
327,NEARBUSD,NEAR/BUSD,1602460800000,1602633600000,2020-10-14 05:00:00
328,NEARUSDT,NEAR/USDT,1602460800000,1602633600000,2020-10-14 05:00:00
329,SXPUPUSDT,SXPUP/USDT,1602460800000,1602720000000,2020-10-15 07:00:00
330,SXPDOWNUSDT,SXPDOWN/USDT,1602460800000,1602720000000,2020-10-15 07:00:00
331,FILBUSD,FIL/BUSD,1602460800000,1602720000000,2020-10-15 17:00:00
332,FILUSDT,FIL/USDT,1602460800000,1602720000000,2020-10-15 17:00:00
333,FILUPUSDT,FILUP/USDT,1603065600000,1603152000000,2020-10-20 07:00:00
334,FILDOWNUSDT,FILDOWN/USDT,1603065600000,1603152000000,2020-10-20 07:00:00
335,YFIUPUSDT,YFIUP/USDT,1603065600000,1603238400000,2020-10-21 07:00:00
336,YFIDOWNUSDT,YFIDOWN/USDT,1603065600000,1603238400000,2020-10-21 07:00:00
337,INJBUSD,INJ/BUSD,1603065600000,1603238400000,2020-10-21 04:00:00
338,INJUSDT,INJ/USDT,1603065600000,1603238400000,2020-10-21 04:00:00
339,AERGOBUSD,AERGO/BUSD,1603065600000,1603238400000,2020-10-21 10:00:00
340,ONEBUSD,ONE/BUSD,1603065600000,1603411200000,2020-10-23 10:00:00
341,AUDIOBUSD,AUDIO/BUSD,1603065600000,1603411200000,2020-10-23 19:00:00
342,AUDIOUSDT,AUDIO/USDT,1603065600000,1603411200000,2020-10-23 19:00:00
343,CTKBUSD,CTK/BUSD,1603670400000,1603756800000,2020-10-27 08:00:00
344,CTKUSDT,CTK/USDT,1603670400000,1603756800000,2020-10-27 08:00:00
345,BCHUPUSDT,BCHUP/USDT,1603670400000,1603843200000,2020-10-28 07:00:00
346,BCHDOWNUSDT,BCHDOWN/USDT,1603670400000,1603843200000,2020-10-28 07:00:00
347,BOTBUSD,BOT/BUSD,1603670400000,1603929600000,2020-10-29 08:00:00
348,AKROUSDT,AKRO/USDT,1604275200000,1604275200000,2020-11-02 07:00:00
349,KP3RBUSD,KP3R/BUSD,1604275200000,1604361600000,2020-11-03 12:00:00
350,AXSBUSD,AXS/BUSD,1604275200000,1604448000000,2020-11-04 13:00:00
351,AXSUSDT,AXS/USDT,1604275200000,1604448000000,2020-11-04 13:00:00
352,HARDBUSD,HARD/BUSD,1604275200000,1604620800000,2020-11-06 06:00:00
353,HARDUSDT,HARD/USDT,1604275200000,1604620800000,2020-11-06 06:00:00
354,DNTBUSD,DNT/BUSD,1604880000000,1604966400000,2020-11-10 06:00:00
355,DNTUSDT,DNT/USDT,1604880000000,1604966400000,2020-11-10 06:00:00
356,CVPBUSD,CVP/BUSD,1605484800000,1605484800000,2020-11-16 06:00:00
357,STRAXBUSD,STRAX/BUSD,1605484800000,1605657600000,2020-11-18 03:00:00
358,STRAXUSDT,STRAX/USDT,1605484800000,1605657600000,2020-11-18 03:00:00
359,FORBUSD,FOR/BUSD,1605484800000,1605571200000,2020-11-17 12:30:00
360,UNFIBUSD,UNFI/BUSD,1605484800000,1605744000000,2020-11-19 06:00:00
361,UNFIUSDT,UNFI/USDT,1605484800000,1605744000000,2020-11-19 06:00:00
362,FRONTBUSD,FRONT/BUSD,1605484800000,1605657600000,2020-11-18 08:00:00
363,BCHABUSD,BCHA/BUSD,1605484800000,1605657600000,2020-11-18 11:00:00
364,ROSEBUSD,ROSE/BUSD,1605484800000,1605744000000,2020-11-19 08:00:00
365,ROSEUSDT,ROSE/USDT,1605484800000,1605744000000,2020-11-19 08:00:00
366,AVAUSDT,AVA/USDT,1606089600000,1606176000000,2020-11-24 13:00:00
367,SYSBUSD,SYS/BUSD,1606089600000,1606176000000,2020-11-24 13:00:00
368,XEMUSDT,XEM/USDT,1606089600000,1606176000000,2020-11-24 13:00:00
369,HEGICBUSD,HEGIC/BUSD,1606089600000,1606262400000,2020-11-25 09:30:00
370,AAVEUPUSDT,AAVEUP/USDT,1606089600000,1606348800000,2020-11-26 07:00:00
371,AAVEDOWNUSDT,AAVEDOWN/USDT,1606089600000,1606348800000,2020-11-26 07:00:00
372,PROMBUSD,PROM/BUSD,1606089600000,1606348800000,2020-11-26 07:00:00
373,SKLBUSD,SKL/BUSD,1606694400000,1606780800000,2020-12-01 01:00:00
374,SKLUSDT,SKL/USDT,1606694400000,1606780800000,2020-12-01 01:00:00
375,SUSDUSDT,SUSD/USDT,1606694400000,1607040000000,2020-12-04 11:00:00
376,COVERBUSD,COVER/BUSD,1606694400000,1607126400000,2020-12-05 05:00:00
377,GHSTBUSD,GHST/BUSD,1607299200000,1607385600000,2020-12-08 05:30:00
378,SUSHIUPUSDT,SUSHIUP/USDT,1607299200000,1607558400000,2020-12-10 07:00:00
379,SUSHIDOWNUSDT,SUSHIDOWN/USDT,1607299200000,1607558400000,2020-12-10 07:00:00
380,XLMUPUSDT,XLMUP/USDT,1607299200000,1607644800000,2020-12-11 07:00:00
381,XLMDOWNUSDT,XLMDOWN/USDT,1607299200000,1607644800000,2020-12-11 07:00:00
382,DFBUSD,DF/BUSD,1607299200000,1607644800000,2020-12-11 10:00:00
383,GRTUSDT,GRT/USDT,1607904000000,1608163200000,2020-12-17 20:30:00
384,JUVBUSD,JUV/BUSD,1608508800000,1608508800000,2020-12-21 06:00:00
385,JUVUSDT,JUV/USDT,1608508800000,1608508800000,2020-12-21 06:00:00
386,PSGBUSD,PSG/BUSD,1608508800000,1608508800000,2020-12-21 06:00:00
387,PSGUSDT,PSG/USDT,1608508800000,1608508800000,2020-12-21 06:00:00
388,1INCHUSDT,1INCH/USDT,1608508800000,1608854400000,2020-12-25 05:00:00
389,REEFUSDT,REEF/USDT,1609113600000,1609200000000,2020-12-29 06:00:00
390,OGUSDT,OG/USDT,1609113600000,1609286400000,2020-12-30 06:00:00
391,ATMUSDT,ATM/USDT,1609113600000,1609286400000,2020-12-30 06:00:00
392,ASRUSDT,ASR/USDT,1609113600000,1609286400000,2020-12-30 06:00:00
393,CELOUSDT,CELO/USDT,1609718400000,1609804800000,2021-01-05 08:30:00
394,RIFUSDT,RIF/USDT,1609718400000,1609977600000,2021-01-07 13:00:00
395,BTCSTBUSD,BTCST/BUSD,1610323200000,1610496000000,2021-01-13 06:00:00
396,BTCSTUSDT,BTCST/USDT,1610323200000,1610496000000,2021-01-13 06:00:00
397,TRUBUSD,TRU/BUSD,1610928000000,1611014400000,2021-01-19 07:00:00
398,TRUUSDT,TRU/USDT,1610928000000,1611014400000,2021-01-19 07:00:00
399,DEXEBUSD,DEXE/BUSD,1610928000000,1611187200000,2021-01-21 08:00:00
400,USDCBUSD,USDC/BUSD,1611532800000,1611532800000,2021-01-25 10:00:00
401,TUSDBUSD,TUSD/BUSD,1611532800000,1611532800000,2021-01-25 10:00:00
402,PAXBUSD,PAX/BUSD,1611532800000,1611532800000,2021-01-25 10:00:00
403,CKBBUSD,CKB/BUSD,1611532800000,1611619200000,2021-01-26 12:00:00
404,CKBUSDT,CKB/USDT,1611532800000,1611619200000,2021-01-26 12:00:00
405,TWTBUSD,TWT/BUSD,1611532800000,1611705600000,2021-01-27 08:00:00
406,TWTUSDT,TWT/USDT,1611532800000,1611705600000,2021-01-27 08:00:00
407,FIROUSDT,FIRO/USDT,1611532800000,1611878400000,2021-01-29 02:00:00
408,LITBUSD,LIT/BUSD,1612137600000,1612396800000,2021-02-04 06:00:00
409,LITUSDT,LIT/USDT,1612137600000,1612396800000,2021-02-04 06:00:00
410,SFPBUSD,SFP/BUSD,1612742400000,1612742400000,2021-02-08 13:00:00
411,SFPUSDT,SFP/USDT,1612742400000,1612742400000,2021-02-08 13:00:00
412,FXSBUSD,FXS/BUSD,1613347200000,1613606400000,2021-02-18 09:00:00
413,DODOBUSD,DODO/BUSD,1613347200000,1613692800000,2021-02-19 10:00:00
414,DODOUSDT,DODO/USDT,1613347200000,1613692800000,2021-02-19 10:00:00
415,CAKEUSDT,CAKE/USDT,1613347200000,1613692800000,2021-02-19 06:00:00
416,BAKEBUSD,BAKE/BUSD,1613347200000,1613692800000,2021-02-19 06:00:00
417,UFTBUSD,UFT/BUSD,1613952000000,1614038400000,2021-02-23 09:00:00
418,1INCHBUSD,1INCH/BUSD,1613952000000,1614038400000,2021-02-23 12:00:00
419,BANDBUSD,BAND/BUSD,1613952000000,1614038400000,2021-02-23 12:00:00
420,GRTBUSD,GRT/BUSD,1613952000000,1614038400000,2021-02-23 12:00:00
421,IOSTBUSD,IOST/BUSD,1613952000000,1614038400000,2021-02-23 12:00:00
422,OMGBUSD,OMG/BUSD,1613952000000,1614038400000,2021-02-23 12:00:00
423,REEFBUSD,REEF/BUSD,1613952000000,1614038400000,2021-02-23 12:00:00
424,ACMBUSD,ACM/BUSD,1613952000000,1614124800000,2021-02-24 11:00:00
425,ACMUSDT,ACM/USDT,1613952000000,1614124800000,2021-02-24 11:00:00
426,AUCTIONBUSD,AUCTION/BUSD,1613952000000,1614211200000,2021-02-25 06:00:00
427,PHABUSD,PHA/BUSD,1613952000000,1614211200000,2021-02-25 09:00:00
428,TVKBUSD,TVK/BUSD,1613952000000,1614297600000,2021-02-26 09:00:00
429,BADGERBUSD,BADGER/BUSD,1614556800000,1614643200000,2021-03-02 08:00:00
430,BADGERUSDT,BADGER/USDT,1614556800000,1614643200000,2021-03-02 08:00:00
431,FISBUSD,FIS/BUSD,1614556800000,1614729600000,2021-03-03 08:00:00
432,FISUSDT,FIS/USDT,1614556800000,1614729600000,2021-03-03 08:00:00
433,OMBUSD,OM/BUSD,1615161600000,1615161600000,2021-03-08 09:00:00
434,OMUSDT,OM/USDT,1615161600000,1615161600000,2021-03-08 09:00:00
435,PONDBUSD,POND/BUSD,1615161600000,1615248000000,2021-03-09 08:00:00
436,PONDUSDT,POND/USDT,1615161600000,1615248000000,2021-03-09 08:00:00
437,DEGOBUSD,DEGO/BUSD,1615161600000,1615334400000,2021-03-10 11:00:00
438,DEGOUSDT,DEGO/USDT,1615161600000,1615334400000,2021-03-10 11:00:00
439,ALICEBUSD,ALICE/BUSD,1615766400000,1615766400000,2021-03-15 06:00:00
440,ALICEUSDT,ALICE/USDT,1615766400000,1615766400000,2021-03-15 06:00:00
441,CHZBUSD,CHZ/BUSD,1615161600000,1615593600000,2021-03-13 08:00:00
442,BIFIBUSD,BIFI/BUSD,1615766400000,1615852800000,2021-03-16 09:00:00
443,LINABUSD,LINA/BUSD,1615766400000,1616025600000,2021-03-18 12:00:00
444,LINAUSDT,LINA/USDT,1615766400000,1616025600000,2021-03-18 12:00:00
445,PERPBUSD,PERP/BUSD,1615766400000,1616112000000,2021-03-19 08:00:00
446,PERPUSDT,PERP/USDT,1615766400000,1616112000000,2021-03-19 08:00:00
447,RAMPBUSD,RAMP/BUSD,1616371200000,1616371200000,2021-03-22 09:00:00
448,RAMPUSDT,RAMP/USDT,1616371200000,1616371200000,2021-03-22 09:00:00
449,SUPERBUSD,SUPER/BUSD,1616371200000,1616630400000,2021-03-25 10:00:00
450,SUPERUSDT,SUPER/USDT,1616371200000,1616630400000,2021-03-25 10:00:00
451,CFXBUSD,CFX/BUSD,1616976000000,1616976000000,2021-03-29 11:00:00
452,CFXUSDT,CFX/USDT,1616976000000,1616976000000,2021-03-29 11:00:00
453,XVGBUSD,XVG/BUSD,1616976000000,1617321600000,2021-04-02 08:00:00
454,EPSBUSD,EPS/BUSD,1616976000000,1617321600000,2021-04-02 09:00:00
455,EPSUSDT,EPS/USDT,1616976000000,1617321600000,2021-04-02 09:00:00
456,AUTOBUSD,AUTO/BUSD,1616976000000,1617321600000,2021-04-02 09:00:00
457,AUTOUSDT,AUTO/USDT,1616976000000,1617321600000,2021-04-02 09:00:00
458,TKOBUSD,TKO/BUSD,1617580800000,1617753600000,2021-04-07 13:00:00
459,TKOUSDT,TKO/USDT,1617580800000,1617753600000,2021-04-07 13:00:00
460,PUNDIXUSDT,PUNDIX/USDT,1617580800000,1617926400000,2021-04-09 04:00:00
461,TLMBUSD,TLM/BUSD,1618185600000,1618272000000,2021-04-13 06:00:00
462,TLMUSDT,TLM/USDT,1618185600000,1618272000000,2021-04-13 06:00:00
463,1INCHUPUSDT,1INCHUP/USDT,1618185600000,1618444800000,2021-04-15 07:20:00
464,1INCHDOWNUSDT,1INCHDOWN/USDT,1618185600000,1618444800000,2021-04-15 07:20:00
465,BTGBUSD,BTG/BUSD,1618185600000,1618531200000,2021-04-16 07:00:00
466,BTGUSDT,BTG/USDT,1618185600000,1618531200000,2021-04-16 07:00:00
467,HOTBUSD,HOT/BUSD,1618185600000,1618531200000,2021-04-16 07:00:00
468,MIRBUSD,MIR/BUSD,1618790400000,1618790400000,2021-04-19 11:00:00
469,MIRUSDT,MIR/USDT,1618790400000,1618790400000,2021-04-19 11:00:00
470,BARBUSD,BAR/BUSD,1618790400000,1618963200000,2021-04-21 11:00:00
471,BARUSDT,BAR/USDT,1618790400000,1618963200000,2021-04-21 11:00:00
472,FORTHBUSD,FORTH/BUSD,1618790400000,1619136000000,2021-04-23 09:00:00
473,FORTHUSDT,FORTH/USDT,1618790400000,1619136000000,2021-04-23 09:00:00
474,BAKEUSDT,BAKE/USDT,1619395200000,1619740800000,2021-04-30 12:00:00
475,BURGERBUSD,BURGER/BUSD,1619395200000,1619740800000,2021-04-30 12:00:00
476,BURGERUSDT,BURGER/USDT,1619395200000,1619740800000,2021-04-30 12:00:00
477,SLPBUSD,SLP/BUSD,1619395200000,1619740800000,2021-04-30 12:00:00
478,SLPUSDT,SLP/USDT,1619395200000,1619740800000,2021-04-30 12:00:00
479,SHIBUSDT,SHIB/USDT,1620604800000,1620604800000,2021-05-10 11:00:00
480,SHIBBUSD,SHIB/BUSD,1620604800000,1620604800000,2021-05-10 11:00:00
481,ICPBUSD,ICP/BUSD,1620604800000,1620691200000,2021-05-11 01:00:00
482,ICPUSDT,ICP/USDT,1620604800000,1620691200000,2021-05-11 01:00:00
483,ARBUSD,AR/BUSD,1620604800000,1620950400000,2021-05-14 12:00:00
484,ARUSDT,AR/USDT,1620604800000,1620950400000,2021-05-14 12:00:00
485,POLSBUSD,POLS/BUSD,1621209600000,1621382400000,2021-05-19 07:00:00
486,POLSUSDT,POLS/USDT,1621209600000,1621382400000,2021-05-19 07:00:00
487,MDXBUSD,MDX/BUSD,1621814400000,1621814400000,2021-05-24 09:00:00
488,MDXUSDT,MDX/USDT,1621814400000,1621814400000,2021-05-24 09:00:00
489,MASKBUSD,MASK/BUSD,1621814400000,1621900800000,2021-05-25 06:00:00
490,MASKUSDT,MASK/USDT,1621814400000,1621900800000,2021-05-25 06:00:00
491,LPTBUSD,LPT/BUSD,1621814400000,1622160000000,2021-05-28 05:00:00
492,LPTUSDT,LPT/USDT,1621814400000,1622160000000,2021-05-28 05:00:00
493,NUBUSD,NU/BUSD,1622419200000,1622764800000,2021-06-04 05:30:00
494,NUUSDT,NU/USDT,1622419200000,1622764800000,2021-06-04 05:30:00
495,XVGUSDT,XVG/USDT,1622419200000,1622937600000,2021-06-06 10:00:00
496,RLCBUSD,RLC/BUSD,1622419200000,1622937600000,2021-06-06 10:00:00
497,CELRBUSD,CELR/BUSD,1622419200000,1622937600000,2021-06-06 10:00:00
498,ATMBUSD,ATM/BUSD,1622419200000,1622937600000,2021-06-06 10:00:00
499,ZENBUSD,ZEN/BUSD,1622419200000,1622937600000,2021-06-06 10:00:00
500,FTMBUSD,FTM/BUSD,1622419200000,1622937600000,2021-06-06 10:00:00
501,THETABUSD,THETA/BUSD,1622419200000,1622937600000,2021-06-06 10:00:00
502,WINBUSD,WIN/BUSD,1622419200000,1622937600000,2021-06-06 10:00:00
503,KAVABUSD,KAVA/BUSD,1622419200000,1622937600000,2021-06-06 10:00:00
504,XEMBUSD,XEM/BUSD,1622419200000,1622937600000,2021-06-06 10:00:00
505,ATABUSD,ATA/BUSD,1623024000000,1623024000000,2021-06-07 06:00:00
506,ATAUSDT,ATA/USDT,1623024000000,1623024000000,2021-06-07 06:00:00
507,GTCBUSD,GTC/BUSD,1623024000000,1623283200000,2021-06-10 10:00:00
508,GTCUSDT,GTC/USDT,1623024000000,1623283200000,2021-06-10 10:00:00
509,TORNBUSD,TORN/BUSD,1623024000000,1623369600000,2021-06-11 06:00:00
510,TORNUSDT,TORN/USDT,1623024000000,1623369600000,2021-06-11 06:00:00
511,COTIBUSD,COTI/BUSD,1623024000000,1623369600000,2021-06-11 10:00:00
512,KEEPBUSD,KEEP/BUSD,1623628800000,1623888000000,2021-06-17 06:00:00
513,KEEPUSDT,KEEP/USDT,1623628800000,1623888000000,2021-06-17 06:00:00
514,SCBUSD,SC/BUSD,1623628800000,1623974400000,2021-06-18 10:00:00
515,CHRBUSD,CHR/BUSD,1623628800000,1623974400000,2021-06-18 10:00:00
516,STMXBUSD,STMX/BUSD,1623628800000,1623974400000,2021-06-18 10:00:00
517,HNTBUSD,HNT/BUSD,1623628800000,1623974400000,2021-06-18 10:00:00
518,FTTBUSD,FTT/BUSD,1623628800000,1623974400000,2021-06-18 10:00:00
519,DOCKBUSD,DOCK/BUSD,1623628800000,1623974400000,2021-06-18 10:00:00
520,ERNBUSD,ERN/BUSD,1624233600000,1624320000000,2021-06-22 06:00:00
521,ERNUSDT,ERN/USDT,1624233600000,1624320000000,2021-06-22 06:00:00
522,KLAYBUSD,KLAY/BUSD,1624233600000,1624492800000,2021-06-24 08:00:00
523,KLAYUSDT,KLAY/USDT,1624233600000,1624492800000,2021-06-24 08:00:00
524,UTKBUSD,UTK/BUSD,1624233600000,1624579200000,2021-06-25 10:00:00
525,IOTXBUSD,IOTX/BUSD,1624233600000,1624579200000,2021-06-25 10:00:00
526,PHAUSDT,PHA/USDT,1624233600000,1624579200000,2021-06-25 10:00:00
527,BONDBUSD,BOND/BUSD,1625443200000,1625443200000,2021-07-05 06:00:00
528,BONDUSDT,BOND/USDT,1625443200000,1625443200000,2021-07-05 06:00:00
529,MLNBUSD,MLN/BUSD,1625443200000,1625443200000,2021-07-05 06:00:00
530,MLNUSDT,MLN/USDT,1625443200000,1625443200000,2021-07-05 06:00:00
531,DEXEUSDT,DEXE/USDT,1626652800000,1626998400000,2021-07-23 10:00:00
532,LTOBUSD,LTO/BUSD,1626652800000,1626998400000,2021-07-23 10:00:00
533,ADXBUSD,ADX/BUSD,1626652800000,1626998400000,2021-07-23 10:00:00
534,QUICKBUSD,QUICK/BUSD,1626652800000,1626998400000,2021-07-23 08:00:00
535,C98USDT,C98/USDT,1626652800000,1626998400000,2021-07-23 12:00:00
536,C98BUSD,C98/BUSD,1626652800000,1626998400000,2021-07-23 12:00:00
537,CLVBUSD,CLV/BUSD,1627257600000,1627516800000,2021-07-29 06:00:00
538,CLVUSDT,CLV/USDT,1627257600000,1627516800000,2021-07-29 06:00:00
539,QNTBUSD,QNT/BUSD,1627257600000,1627516800000,2021-07-29 06:00:00
540,QNTUSDT,QNT/USDT,1627257600000,1627516800000,2021-07-29 06:00:00
541,FLOWBUSD,FLOW/BUSD,1627257600000,1627603200000,2021-07-30 13:00:00
542,FLOWUSDT,FLOW/USDT,1627257600000,1627603200000,2021-07-30 13:00:00
543,XECBUSD,XEC/BUSD,1627862400000,1628208000000,2021-08-06 04:00:00
544,TVKUSDT,TVK/USDT,1627862400000,1628208000000,2021-08-06 10:00:00
545,MINABUSD,MINA/BUSD,1628467200000,1628553600000,2021-08-10 06:00:00
546,MINAUSDT,MINA/USDT,1628467200000,1628553600000,2021-08-10 06:00:00
547,RAYBUSD,RAY/BUSD,1628467200000,1628553600000,2021-08-10 06:00:00
548,RAYUSDT,RAY/USDT,1628467200000,1628553600000,2021-08-10 06:00:00
549,FARMBUSD,FARM/BUSD,1628467200000,1628640000000,2021-08-11 08:00:00
550,FARMUSDT,FARM/USDT,1628467200000,1628640000000,2021-08-11 08:00:00
551,ALPACABUSD,ALPACA/BUSD,1628467200000,1628640000000,2021-08-11 08:00:00
552,ALPACAUSDT,ALPACA/USDT,1628467200000,1628640000000,2021-08-11 08:00:00
553,QUICKUSDT,QUICK/USDT,1628467200000,1628812800000,2021-08-13 12:00:00
554,ORNBUSD,ORN/BUSD,1628467200000,1628812800000,2021-08-13 12:00:00
555,MBOXBUSD,MBOX/BUSD,1629072000000,1629331200000,2021-08-19 08:00:00
556,MBOXUSDT,MBOX/USDT,1629072000000,1629331200000,2021-08-19 08:00:00
557,FORUSDT,FOR/USDT,1629072000000,1629417600000,2021-08-20 10:00:00
558,REQUSDT,REQ/USDT,1629072000000,1629417600000,2021-08-20 10:00:00
559,GHSTUSDT,GHST/USDT,1629072000000,1629417600000,2021-08-20 10:00:00
560,WAXPUSDT,WAXP/USDT,1629676800000,1629676800000,2021-08-23 06:30:00
561,WAXPBUSD,WAXP/BUSD,1629676800000,1629676800000,2021-08-23 06:30:00
562,TRIBEBUSD,TRIBE/BUSD,1629676800000,1629763200000,2021-08-24 06:00:00
563,TRIBEUSDT,TRIBE/USDT,1629676800000,1629763200000,2021-08-24 06:00:00
564,GNOUSDT,GNO/USDT,1630281600000,1630281600000,2021-08-30 06:00:00
565,GNOBUSD,GNO/BUSD,1630281600000,1630281600000,2021-08-30 06:00:00
566,MTLBUSD,MTL/BUSD,1630281600000,1630627200000,2021-09-03 10:00:00
567,OGNBUSD,OGN/BUSD,1630281600000,1630627200000,2021-09-03 10:00:00
568,XECUSDT,XEC/USDT,1630281600000,1630627200000,2021-09-03 10:00:00
569,POLYBUSD,POLY/BUSD,1630886400000,1631059200000,2021-09-08 08:00:00
570,ELFUSDT,ELF/USDT,1630886400000,1631059200000,2021-09-08 08:00:00
571,DYDXUSDT,DYDX/USDT,1630886400000,1631145600000,2021-09-09 02:00:00
572,DYDXBUSD,DYDX/BUSD,1630886400000,1631145600000,2021-09-09 02:00:00
573,ELFBUSD,ELF/BUSD,1630886400000,1631145600000,2021-09-09 08:00:00
574,POLYUSDT,POLY/USDT,1630886400000,1631145600000,2021-09-09 08:00:00
575,IDEXUSDT,IDEX/USDT,1630886400000,1631145600000,2021-09-09 08:00:00
576,VIDTUSDT,VIDT/USDT,1630886400000,1631145600000,2021-09-09 08:00:00
577,USDPBUSD,USDP/BUSD,1630886400000,1631232000000,2021-09-10 04:00:00
578,USDPUSDT,USDP/USDT,1630886400000,1631232000000,2021-09-10 04:00:00
579,GALAUSDT,GALA/USDT,1631491200000,1631491200000,2021-09-13 06:00:00
580,GALABUSD,GALA/BUSD,1631491200000,1631491200000,2021-09-13 06:00:00
581,SUNBUSD,SUN/BUSD,1631491200000,1631836800000,2021-09-17 10:00:00
582,ILVUSDT,ILV/USDT,1632096000000,1632268800000,2021-09-22 06:00:00
583,ILVBUSD,ILV/BUSD,1632096000000,1632268800000,2021-09-22 06:00:00
584,RENBUSD,REN/BUSD,1632096000000,1632268800000,2021-09-22 12:00:00
585,YGGUSDT,YGG/USDT,1632096000000,1632441600000,2021-09-24 06:00:00
586,YGGBUSD,YGG/BUSD,1632096000000,1632441600000,2021-09-24 06:00:00
587,STXBUSD,STX/BUSD,1632096000000,1632441600000,2021-09-24 10:00:00
588,SYSUSDT,SYS/USDT,1632096000000,1632441600000,2021-09-24 10:00:00
589,DFUSDT,DF/USDT,1632096000000,1632441600000,2021-09-24 10:00:00
590,FETBUSD,FET/BUSD,1632096000000,1632441600000,2021-09-24 10:00:00
591,ARPABUSD,ARPA/BUSD,1632700800000,1632960000000,2021-09-30 10:00:00
592,LSKBUSD,LSK/BUSD,1632700800000,1632960000000,2021-09-30 10:00:00
593,FIDAUSDT,FIDA/USDT,1632700800000,1632960000000,2021-09-30 12:00:00
594,FIDABUSD,FIDA/BUSD,1632700800000,1632960000000,2021-09-30 12:00:00
595,DENTBUSD,DENT/BUSD,1633305600000,1633305600000,2021-10-04 10:00:00
596,FRONTUSDT,FRONT/USDT,1633305600000,1633305600000,2021-10-04 10:00:00
597,CVPUSDT,CVP/USDT,1633305600000,1633305600000,2021-10-04 10:00:00
598,AGLDBUSD,AGLD/BUSD,1633305600000,1633392000000,2021-10-05 07:00:00
599,AGLDUSDT,AGLD/USDT,1633305600000,1633392000000,2021-10-05 07:00:00
600,RADBUSD,RAD/BUSD,1633305600000,1633564800000,2021-10-07 07:00:00
601,RADUSDT,RAD/USDT,1633305600000,1633564800000,2021-10-07 07:00:00
602,HIVEBUSD,HIVE/BUSD,1633305600000,1633651200000,2021-10-08 10:00:00
603,STPTBUSD,STPT/BUSD,1633305600000,1633651200000,2021-10-08 10:00:00
604,BETABUSD,BETA/BUSD,1633305600000,1633651200000,2021-10-08 12:00:00
605,BETAUSDT,BETA/USDT,1633305600000,1633651200000,2021-10-08 12:00:00
606,RAREBUSD,RARE/BUSD,1633910400000,1633910400000,2021-10-11 06:00:00
607,RAREUSDT,RARE/USDT,1633910400000,1633910400000,2021-10-11 06:00:00
608,TROYBUSD,TROY/BUSD,1633910400000,1634256000000,2021-10-15 10:00:00
609,LAZIOUSDT,LAZIO/USDT,1634515200000,1634774400000,2021-10-21 12:00:00
610,CHESSBUSD,CHESS/BUSD,1634515200000,1634860800000,2021-10-22 06:00:00
611,CHESSUSDT,CHESS/USDT,1634515200000,1634860800000,2021-10-22 06:00:00
612,SCRTBUSD,SCRT/BUSD,1634515200000,1634860800000,2021-10-22 10:00:00
613,ADXUSDT,ADX/USDT,1635120000000,1635465600000,2021-10-29 10:00:00
614,AUCTIONUSDT,AUCTION/USDT,1635120000000,1635465600000,2021-10-29 10:00:00
615,CELOBUSD,CELO/BUSD,1635120000000,1635465600000,2021-10-29 10:00:00
616,DARUSDT,DAR/USDT,1635724800000,1635984000000,2021-11-04 08:00:00
617,DARBUSD,DAR/BUSD,1635724800000,1635984000000,2021-11-04 08:00:00
618,BNXBUSD,BNX/BUSD,1635724800000,1635984000000,2021-11-04 11:00:00
619,BNXUSDT,BNX/USDT,1635724800000,1635984000000,2021-11-04 11:00:00
620,RGTUSDT,RGT/USDT,1635724800000,1636070400000,2021-11-05 06:00:00
621,RGTBUSD,RGT/BUSD,1635724800000,1636070400000,2021-11-05 06:00:00
622,LAZIOBUSD,LAZIO/BUSD,1635724800000,1636070400000,2021-11-05 10:00:00
623,OXTBUSD,OXT/BUSD,1635724800000,1636070400000,2021-11-05 10:00:00
624,MOVRBUSD,MOVR/BUSD,1636329600000,1636329600000,2021-11-08 06:00:00
625,MOVRUSDT,MOVR/USDT,1636329600000,1636329600000,2021-11-08 06:00:00
626,CITYBUSD,CITY/BUSD,1636329600000,1636502400000,2021-11-10 08:00:00
627,CITYUSDT,CITY/USDT,1636329600000,1636502400000,2021-11-10 08:00:00
628,ENSBUSD,ENS/BUSD,1636329600000,1636502400000,2021-11-10 07:00:00
629,ENSUSDT,ENS/USDT,1636329600000,1636502400000,2021-11-10 07:00:00
630,ANKRBUSD,ANKR/BUSD,1636329600000,1636675200000,2021-11-12 10:00:00
631,KP3RUSDT,KP3R/USDT,1636329600000,1636675200000,2021-11-12 10:00:00
632,QIUSDT,QI/USDT,1636934400000,1636934400000,2021-11-15 08:00:00
633,QIBUSD,QI/BUSD,1636934400000,1636934400000,2021-11-15 08:00:00
634,PORTOUSDT,PORTO/USDT,1636934400000,1637020800000,2021-11-16 12:00:00
635,POWRUSDT,POWR/USDT,1636934400000,1637107200000,2021-11-17 06:00:00
636,POWRBUSD,POWR/BUSD,1636934400000,1637107200000,2021-11-17 06:00:00
637,VGXUSDT,VGX/USDT,1637539200000,1637539200000,2021-11-22 07:00:00
638,JASMYUSDT,JASMY/USDT,1637539200000,1637539200000,2021-11-22 12:00:00
639,JASMYBUSD,JASMY/BUSD,1637539200000,1637539200000,2021-11-22 12:00:00
640,AMPBUSD,AMP/BUSD,1637539200000,1637625600000,2021-11-23 06:00:00
641,AMPUSDT,AMP/USDT,1637539200000,1637625600000,2021-11-23 06:00:00
642,PLABUSD,PLA/BUSD,1637539200000,1637625600000,2021-11-23 06:00:00
643,PLAUSDT,PLA/USDT,1637539200000,1637625600000,2021-11-23 06:00:00
644,PYRBUSD,PYR/BUSD,1637539200000,1637884800000,2021-11-26 08:00:00
645,PYRUSDT,PYR/USDT,1637539200000,1637884800000,2021-11-26 08:00:00
646,RNDRUSDT,RNDR/USDT,1637539200000,1637971200000,2021-11-27 10:00:00
647,RNDRBUSD,RNDR/BUSD,1637539200000,1637971200000,2021-11-27 10:00:00
648,ALCXBUSD,ALCX/BUSD,1638144000000,1638230400000,2021-11-30 06:00:00
649,ALCXUSDT,ALCX/USDT,1638144000000,1638230400000,2021-11-30 06:00:00
650,SANTOSUSDT,SANTOS/USDT,1638144000000,1638316800000,2021-12-01 11:00:00
651,MCBUSD,MC/BUSD,1638144000000,1638403200000,2021-12-02 08:00:00
652,MCUSDT,MC/USDT,1638144000000,1638403200000,2021-12-02 08:00:00
653,COCOSBUSD,COCOS/BUSD,1638144000000,1638489600000,2021-12-03 09:00:00
654,ANYBUSD,ANY/BUSD,1638144000000,1638576000000,2021-12-04 06:00:00
655,ANYUSDT,ANY/USDT,1638144000000,1638576000000,2021-12-04 06:00:00
656,BICOBUSD,BICO/BUSD,1638748800000,1639008000000,2021-12-09 06:00:00
657,BICOUSDT,BICO/USDT,1638748800000,1639008000000,2021-12-09 06:00:00
658,FLUXBUSD,FLUX/BUSD,1638748800000,1639094400000,2021-12-10 06:00:00
659,FLUXUSDT,FLUX/USDT,1638748800000,1639094400000,2021-12-10 06:00:00
660,FXSUSDT,FXS/USDT,1638748800000,1639094400000,2021-12-10 09:00:00
661,REQBUSD,REQ/BUSD,1638748800000,1639094400000,2021-12-10 09:00:00
662,VOXELBUSD,VOXEL/BUSD,1639353600000,1639440000000,2021-12-14 12:00:00
663,VOXELUSDT,VOXEL/USDT,1639353600000,1639440000000,2021-12-14 12:00:00
664,COSBUSD,COS/BUSD,1639353600000,1639699200000,2021-12-17 09:00:00
665,CTXCBUSD,CTXC/BUSD,1639353600000,1639699200000,2021-12-17 09:00:00
666,HIGHBUSD,HIGH/BUSD,1639353600000,1639699200000,2021-12-17 07:00:00
667,HIGHUSDT,HIGH/USDT,1639353600000,1639699200000,2021-12-17 07:00:00
668,CVXBUSD,CVX/BUSD,1639958400000,1640217600000,2021-12-23 14:00:00
669,CVXUSDT,CVX/USDT,1639958400000,1640217600000,2021-12-23 14:00:00
670,PEOPLEBUSD,PEOPLE/BUSD,1639958400000,1640217600000,2021-12-23 06:00:00
671,PEOPLEUSDT,PEOPLE/USDT,1639958400000,1640217600000,2021-12-23 06:00:00
672,OOKIBUSD,OOKI/BUSD,1639958400000,1640304000000,2021-12-24 04:00:00
673,OOKIUSDT,OOKI/USDT,1639958400000,1640304000000,2021-12-24 04:00:00
674,MDTBUSD,MDT/BUSD,1639958400000,1640304000000,2021-12-24 09:00:00
675,NULSBUSD,NULS/BUSD,1639958400000,1640304000000,2021-12-24 09:00:00
676,SPELLUSDT,SPELL/USDT,1639958400000,1640304000000,2021-12-24 08:00:00
677,SPELLBUSD,SPELL/BUSD,1639958400000,1640304000000,2021-12-24 08:00:00
678,USTBUSD,UST/BUSD,1639958400000,1640304000000,2021-12-24 08:00:00
679,USTUSDT,UST/USDT,1639958400000,1640304000000,2021-12-24 08:00:00
680,JOEBUSD,JOE/BUSD,1640563200000,1640649600000,2021-12-28 11:00:00
681,JOEUSDT,JOE/USDT,1640563200000,1640649600000,2021-12-28 11:00:00
682,DUSKBUSD,DUSK/BUSD,1641168000000,1641340800000,2022-01-05 09:00:00
683,ACHBUSD,ACH/BUSD,1641772800000,1641772800000,2022-01-10 10:00:00
684,ACHUSDT,ACH/USDT,1641772800000,1641772800000,2022-01-10 10:00:00
685,IMXBUSD,IMX/BUSD,1641772800000,1641772800000,2022-01-10 10:00:00
686,IMXUSDT,IMX/USDT,1641772800000,1641772800000,2022-01-10 10:00:00
687,GLMRBUSD,GLMR/BUSD,1641772800000,1641859200000,2022-01-11 16:00:00
688,GLMRUSDT,GLMR/USDT,1641772800000,1641859200000,2022-01-11 16:00:00
689,UMABUSD,UMA/BUSD,1641772800000,1642118400000,2022-01-14 09:00:00
690,LOKABUSD,LOKA/BUSD,1642377600000,1642636800000,2022-01-20 12:00:00
691,LOKAUSDT,LOKA/USDT,1642377600000,1642636800000,2022-01-20 12:00:00
692,SCRTUSDT,SCRT/USDT,1642377600000,1642723200000,2022-01-21 12:00:00
693,API3BUSD,API3/BUSD,1642377600000,1642723200000,2022-01-21 10:30:00
694,API3USDT,API3/USDT,1642377600000,1642723200000,2022-01-21 10:30:00
695,BTTCUSDT,BTTC/USDT,1642982400000,1643068800000,2022-01-25 04:00:00
696,ACABUSD,ACA/BUSD,1642982400000,1643068800000,2022-01-25 12:00:00
697,ACAUSDT,ACA/USDT,1642982400000,1643068800000,2022-01-25 12:00:00
698,ANCBUSD,ANC/BUSD,1642982400000,1643068800000,2022-01-25 11:00:00
699,ANCUSDT,ANC/USDT,1642982400000,1643068800000,2022-01-25 11:00:00
700,XNOBUSD,XNO/BUSD,1642982400000,1643328000000,2022-01-28 08:00:00
701,XNOUSDT,XNO/USDT,1642982400000,1643328000000,2022-01-28 08:00:00
702,WOOBUSD,WOO/BUSD,1644192000000,1644278400000,2022-02-08 06:30:00
703,WOOUSDT,WOO/USDT,1644192000000,1644278400000,2022-02-08 06:30:00
704,TFUELBUSD,TFUEL/BUSD,1644192000000,1644451200000,2022-02-10 09:00:00
705,ALPINEUSDT,ALPINE/USDT,1645401600000,1645401600000,2022-02-21 12:00:00
706,TUSDT,T/USDT,1645401600000,1645747200000,2022-02-25 04:00:00
707,TBUSD,T/BUSD,1645401600000,1645747200000,2022-02-25 04:00:00
708,ASTRBUSD,ASTR/BUSD,1646006400000,1646006400000,2022-02-28 11:30:00
709,ASTRUSDT,ASTR/USDT,1646006400000,1646006400000,2022-02-28 11:30:00
710,NBTUSDT,NBT/USDT,1646611200000,1646956800000,2022-03-11 06:00:00
711,GMTBUSD,GMT/BUSD,1646611200000,1646784000000,2022-03-09 12:00:00
712,GMTUSDT,GMT/USDT,1646611200000,1646784000000,2022-03-09 12:00:00
713,KDABUSD,KDA/BUSD,1646611200000,1646956800000,2022-03-11 11:30:00
714,KDAUSDT,KDA/USDT,1646611200000,1646956800000,2022-03-11 11:30:00
715,APEUSDT,APE/USDT,1647216000000,1647475200000,2022-03-17 14:30:00
716,APEBUSD,APE/BUSD,1647216000000,1647475200000,2022-03-17 14:30:00
717,ALPINEBUSD,ALPINE/BUSD,1647216000000,1647561600000,2022-03-18 10:00:00
718,BSWUSDT,BSW/USDT,1647820800000,1647820800000,2022-03-21 13:30:00
719,BSWBUSD,BSW/BUSD,1647820800000,1647820800000,2022-03-21 13:30:00
720,SANTOSBUSD,SANTOS/BUSD,1647820800000,1648166400000,2022-03-25 13:00:00
721,BIFIUSDT,BIFI/USDT,1648425600000,1648771200000,2022-04-01 09:00:00
722,MULTIBUSD,MULTI/BUSD,1649030400000,1649203200000,2022-04-06 04:00:00
723,MULTIUSDT,MULTI/USDT,1649030400000,1649203200000,2022-04-06 04:00:00
724,PORTOBUSD,PORTO/BUSD,1650240000000,1650585600000,2022-04-22 10:00:00
725,STEEMUSDT,STEEM/USDT,1650240000000,1650585600000,2022-04-22 10:00:00
726,BTTCBUSD,BTTC/BUSD,1650844800000,1651190400000,2022-04-29 11:00:00
727,MBLBUSD,MBL/BUSD,1650844800000,1651190400000,2022-04-29 11:00:00
728,MOBUSDT,MOB/USDT,1650844800000,1651190400000,2022-04-29 10:00:00
729,MOBBUSD,MOB/BUSD,1650844800000,1651190400000,2022-04-29 10:00:00
730,NEXOUSDT,NEXO/USDT,1650844800000,1651190400000,2022-04-29 14:00:00
731,NEXOBUSD,NEXO/BUSD,1650844800000,1651190400000,2022-04-29 14:00:00
732,REIUSDT,REI/USDT,1651449600000,1651622400000,2022-05-04 04:00:00
733,GALUSDT,GAL/USDT,1651449600000,1651708800000,2022-05-05 12:00:00
734,GALBUSD,GAL/BUSD,1651449600000,1651708800000,2022-05-05 12:00:00
735,LDOBUSD,LDO/BUSD,1652054400000,1652054400000,2022-05-09 11:00:00
736,LDOUSDT,LDO/USDT,1652054400000,1652054400000,2022-05-09 11:00:00
737,EPXUSDT,EPX/USDT,1653264000000,1653264000000,2022-05-23 04:00:00
738,EPXBUSD,EPX/BUSD,1653264000000,1653264000000,2022-05-23 04:00:00
739,STEEMBUSD,STEEM/BUSD,1653264000000,1653609600000,2022-05-27 12:00:00
740,CVCBUSD,CVC/BUSD,1653264000000,1653609600000,2022-05-27 12:00:00
741,REIBUSD,REI/BUSD,1653264000000,1653609600000,2022-05-27 12:00:00
742,DREPBUSD,DREP/BUSD,1653264000000,1653609600000,2022-05-27 12:00:00
743,AKROBUSD,AKRO/BUSD,1653264000000,1653609600000,2022-05-27 12:00:00
744,PUNDIXBUSD,PUNDIX/BUSD,1653264000000,1653609600000,2022-05-27 12:00:00
745,LUNCBUSD,LUNC/BUSD,1653868800000,1653868800000,2022-05-30 09:30:00
746,USTCBUSD,USTC/BUSD,1653868800000,1653868800000,2022-05-30 09:30:00
747,OPBUSD,OP/BUSD,1653868800000,1654041600000,2022-06-01 08:00:00
748,OPUSDT,OP/USDT,1653868800000,1654041600000,2022-06-01 08:00:00
749,OGBUSD,OG/BUSD,1653868800000,1654128000000,2022-06-02 10:00:00
750,KEYBUSD,KEY/BUSD,1653868800000,1654128000000,2022-06-02 10:00:00
751,ASRBUSD,ASR/BUSD,1653868800000,1654128000000,2022-06-02 10:00:00
752,FIROBUSD,FIRO/BUSD,1655078400000,1655424000000,2022-06-17 10:00:00
753,NKNBUSD,NKN/BUSD,1655078400000,1655424000000,2022-06-17 10:00:00
754,GTOBUSD,GTO/BUSD,1655683200000,1656028800000,2022-06-24 10:00:00
755,WBTCBUSD,WBTC/BUSD,1655683200000,1656028800000,2022-06-24 10:00:00
756,LEVERUSDT,LEVER/USDT,1657497600000,1657670400000,2022-07-13 04:00:00
757,LEVERBUSD,LEVER/BUSD,1657497600000,1657670400000,2022-07-13 04:00:00
758,GLMBUSD,GLM/BUSD,1660521600000,1660867200000,2022-08-19 08:00:00
759,SSVBUSD,SSV/BUSD,1660521600000,1660867200000,2022-08-19 08:00:00
760,STGBUSD,STG/BUSD,1660521600000,1660867200000,2022-08-19 09:00:00
761,STGUSDT,STG/USDT,1660521600000,1660867200000,2022-08-19 09:00:00
762,ARKBUSD,ARK/BUSD,1661126400000,1661472000000,2022-08-26 08:00:00
763,BETHBUSD,BETH/BUSD,1661126400000,1661472000000,2022-08-26 08:00:00
764,LOOMBUSD,LOOM/BUSD,1661126400000,1661472000000,2022-08-26 08:00:00
765,SNMBUSD,SNM/BUSD,1661126400000,1661472000000,2022-08-26 08:00:00
766,AMBBUSD,AMB/BUSD,1662336000000,1662681600000,2022-09-09 08:00:00
767,LUNCUSDT,LUNC/USDT,1662336000000,1662681600000,2022-09-09 08:00:00
768,PHBBUSD,PHB/BUSD,1662336000000,1662681600000,2022-09-09 08:00:00
769,GASBUSD,GAS/BUSD,1662940800000,1663286400000,2022-09-16 08:00:00
770,NEBLBUSD,NEBL/BUSD,1662940800000,1663286400000,2022-09-16 08:00:00
771,PROSBUSD,PROS/BUSD,1662940800000,1663286400000,2022-09-16 08:00:00
772,VIBBUSD,VIB/BUSD,1662940800000,1663286400000,2022-09-16 08:00:00
773,GMXBUSD,GMX/BUSD,1664755200000,1664928000000,2022-10-05 10:00:00
774,GMXUSDT,GMX/USDT,1664755200000,1664928000000,2022-10-05 10:00:00
775,AGIXBUSD,AGIX/BUSD,1665360000000,1665705600000,2022-10-14 08:00:00
776,NEBLUSDT,NEBL/USDT,1665360000000,1665705600000,2022-10-14 08:00:00
777,SNTBUSD,SNT/BUSD,1665360000000,1665705600000,2022-10-14 08:00:00
778,POLYXBUSD,POLYX/BUSD,1665964800000,1665964800000,2022-10-17 08:00:00
779,POLYXUSDT,POLYX/USDT,1665964800000,1665964800000,2022-10-17 08:00:00
780,APTUSDT,APT/USDT,1665964800000,1666137600000,2022-10-19 01:00:00
781,APTBUSD,APT/BUSD,1665964800000,1666137600000,2022-10-19 01:00:00
782,QKCBUSD,QKC/BUSD,1666569600000,1666915200000,2022-10-28 12:00:00
783,OSMOUSDT,OSMO/USDT,1666569600000,1666915200000,2022-10-28 10:00:00
784,OSMOBUSD,OSMO/BUSD,1666569600000,1666915200000,2022-10-28 10:00:00
785,HFTBUSD,HFT/BUSD,1667779200000,1667779200000,2022-11-07 13:00:00
786,HFTUSDT,HFT/USDT,1667779200000,1667779200000,2022-11-07 13:00:00
787,PHBUSDT,PHB/USDT,1668384000000,1668729600000,2022-11-18 09:00:00
788,VITEBUSD,VITE/BUSD,1668384000000,1668729600000,2022-11-18 09:00:00
789,HOOKUSDT,HOOK/USDT,1669593600000,1669852800000,2022-12-01 14:30:00
790,HOOKBUSD,HOOK/BUSD,1669593600000,1669852800000,2022-12-01 14:30:00
791,MAGICBUSD,MAGIC/BUSD,1670803200000,1670803200000,2022-12-12 08:00:00
792,MAGICUSDT,MAGIC/USDT,1670803200000,1670803200000,2022-12-12 08:00:00
793,HIFIUSDT,HIFI/USDT,1673222400000,1673481600000,2023-01-12 08:00:00
794,RPLBUSD,RPL/BUSD,1673827200000,1674000000000,2023-01-18 08:00:00
795,RPLUSDT,RPL/USDT,1673827200000,1674000000000,2023-01-18 08:00:00
796,PROSUSDT,PROS/USDT,1674432000000,1674777600000,2023-01-27 08:00:00
797,GFTBUSD,GFT/BUSD,1675641600000,1675814400000,2023-02-08 08:00:00
798,AGIXUSDT,AGIX/USDT,1676246400000,1676592000000,2023-02-17 08:00:00
799,GNSUSDT,GNS/USDT,1676246400000,1676592000000,2023-02-17 11:30:00
800,SYNUSDT,SYN/USDT,1676851200000,1677024000000,2023-02-22 10:30:00
801,VIBUSDT,VIB/USDT,1676851200000,1677196800000,2023-02-24 08:00:00
802,SSVUSDT,SSV/USDT,1676851200000,1677196800000,2023-02-24 08:00:00
803,LQTYUSDT,LQTY/USDT,1677456000000,1677542400000,2023-02-28 11:00:00
804,AMBUSDT,AMB/USDT,1677456000000,1677801600000,2023-03-03 08:00:00
805,BETHUSDT,BETH/USDT,1677456000000,1677801600000,2023-03-03 08:00:00
806,USTCUSDT,USTC/USDT,1678060800000,1678406400000,2023-03-10 08:00:00
807,GASUSDT,GAS/USDT,1678665600000,1679011200000,2023-03-17 08:00:00
808,GLMUSDT,GLM/USDT,1678665600000,1679011200000,2023-03-17 08:00:00
809,PROMUSDT,PROM/USDT,1678665600000,1679011200000,2023-03-17 08:00:00
810,QKCUSDT,QKC/USDT,1678665600000,1679011200000,2023-03-17 08:00:00
811,UFTUSDT,UFT/USDT,1678665600000,1679011200000,2023-03-17 08:00:00
